,query,title,company,location,link
0,Cloud Engineer,Cloud Engineer (Infrastructure),Experfy,"Riverside, CA",https://www.linkedin.com/jobs/view/cloud-engineer-infrastructure-at-experfy-3486587196?refId=Y2yP6uGo51cdQE25%2BpuHMA%3D%3D&trackingId=ZKEp7JYGdhJXXhS8qeWVYg%3D%3D&position=1&pageNum=0&trk=public_jobs_jserp-result_search-card
1,Cloud Engineer,Cloud Engineer (Infrastructure),Experfy,"San Francisco, CA",https://www.linkedin.com/jobs/view/cloud-engineer-infrastructure-at-experfy-3486580749?refId=Y2yP6uGo51cdQE25%2BpuHMA%3D%3D&trackingId=rJ2L2tFLuiMS8s9d%2B%2Fl7HQ%3D%3D&position=2&pageNum=0&trk=public_jobs_jserp-result_search-card
2,Cloud Engineer,Senior Cloud Engineer (Remote),Drata,"San Diego, CA",https://www.linkedin.com/jobs/view/senior-cloud-engineer-remote-at-drata-3476815279?refId=Y2yP6uGo51cdQE25%2BpuHMA%3D%3D&trackingId=JvrOxHWxZJnWllvnYpqMfQ%3D%3D&position=3&pageNum=0&trk=public_jobs_jserp-result_search-card
3,Cloud Engineer,Cloud Engineer (Infrastructure),Experfy,"Los Angeles, CA",https://www.linkedin.com/jobs/view/cloud-engineer-infrastructure-at-experfy-3486584309?refId=Y2yP6uGo51cdQE25%2BpuHMA%3D%3D&trackingId=fYZ9Se2Nv%2BXmaM17IzYNfA%3D%3D&position=4&pageNum=0&trk=public_jobs_jserp-result_search-card
4,Cloud Engineer,Cloud Engineer (AWS),Robert Half,"Irvine, CA",https://www.linkedin.com/jobs/view/cloud-engineer-aws-at-robert-half-3467850897?refId=Y2yP6uGo51cdQE25%2BpuHMA%3D%3D&trackingId=gG6Cx29%2FTSUABtTKksQZYg%3D%3D&position=6&pageNum=0&trk=public_jobs_jserp-result_search-card
5,Cloud Engineer,Cloud Engineer,Cequence Security,"Sunnyvale, CA",https://www.linkedin.com/jobs/view/cloud-engineer-at-cequence-security-3473563397?refId=Y2yP6uGo51cdQE25%2BpuHMA%3D%3D&trackingId=O2ZKlyuae5zpToVKpBlVaw%3D%3D&position=7&pageNum=0&trk=public_jobs_jserp-result_search-card
6,Cloud Engineer,Intern - Cloud Engineer,NetApp,"San Jose, CA",https://www.linkedin.com/jobs/view/intern-cloud-engineer-at-netapp-3466548961?refId=Y2yP6uGo51cdQE25%2BpuHMA%3D%3D&trackingId=ZuqV3YzQnnUw5JqR3vWtqA%3D%3D&position=9&pageNum=0&trk=public_jobs_jserp-result_search-card
7,Cloud Engineer,Cloud Engineer,UpRecruit,"Lake Forest, CA",https://www.linkedin.com/jobs/view/cloud-engineer-at-uprecruit-3474088171?refId=Y2yP6uGo51cdQE25%2BpuHMA%3D%3D&trackingId=qbezCJn0E2lbVrQ%2FBw%2FCWg%3D%3D&position=10&pageNum=0&trk=public_jobs_jserp-result_search-card
8,Cloud Engineer,Security Software Engineer (L4) - Cloud Security,Netflix,"California, United States",https://www.linkedin.com/jobs/view/security-software-engineer-l4-cloud-security-at-netflix-3441486638?refId=Y2yP6uGo51cdQE25%2BpuHMA%3D%3D&trackingId=u%2FQoSEThzNovE73V3OhqKQ%3D%3D&position=12&pageNum=0&trk=public_jobs_jserp-result_search-card
9,Cloud Engineer,Cloud Architect - Principal Cloud Engineer,Nextdoor,"San Francisco, CA",https://www.linkedin.com/jobs/view/cloud-architect-principal-cloud-engineer-at-nextdoor-3405215236?refId=Y2yP6uGo51cdQE25%2BpuHMA%3D%3D&trackingId=F1NAhRYS%2BaX6C8rN2jNivg%3D%3D&position=17&pageNum=0&trk=public_jobs_jserp-result_search-card
10,Cloud Engineer,Cloud Data Engineer,GovX,"San Diego, CA",https://www.linkedin.com/jobs/view/cloud-data-engineer-at-govx-3453212553?refId=Y2yP6uGo51cdQE25%2BpuHMA%3D%3D&trackingId=gWdmjA7QNvLHaLicKb%2Fvkg%3D%3D&position=18&pageNum=0&trk=public_jobs_jserp-result_search-card
11,Cloud Engineer,AWS Cloud Engineer,Xec-T Consultancy,"California, United States",https://www.linkedin.com/jobs/view/aws-cloud-engineer-at-xec-t-consultancy-3452706288?refId=Y2yP6uGo51cdQE25%2BpuHMA%3D%3D&trackingId=xONp6SWDPNvN4OiL0KYToA%3D%3D&position=19&pageNum=0&trk=public_jobs_jserp-result_search-card
12,Cloud Engineer,Cloud DevOps Engineer,UCLA Health,"Los Angeles, CA",https://www.linkedin.com/jobs/view/cloud-devops-engineer-at-ucla-health-3485975050?refId=Y2yP6uGo51cdQE25%2BpuHMA%3D%3D&trackingId=5K0VlajrizPrp6NczNPjmw%3D%3D&position=20&pageNum=0&trk=public_jobs_jserp-result_search-card
13,Cloud Engineer,☁ Cloud HPC Engineer ☁,Mat3ra.com,"Walnut Creek, CA",https://www.linkedin.com/jobs/view/%E2%98%81-cloud-hpc-engineer-%E2%98%81-at-mat3ra-com-3423290061?refId=Y2yP6uGo51cdQE25%2BpuHMA%3D%3D&trackingId=KleKGsMvuX1bI2AuFrPIgw%3D%3D&position=21&pageNum=0&trk=public_jobs_jserp-result_search-card
14,Cloud Engineer,Cloud Engineer,California Coast Credit Union,"San Diego, CA",https://www.linkedin.com/jobs/view/cloud-engineer-at-california-coast-credit-union-3480667297?refId=Y2yP6uGo51cdQE25%2BpuHMA%3D%3D&trackingId=%2FjdfV%2BDfyl0%2FIt9SYCExoA%3D%3D&position=22&pageNum=0&trk=public_jobs_jserp-result_search-card
15,Cloud Engineer,Cloud Operations Engineer,Lendistry,"California, United States",https://www.linkedin.com/jobs/view/cloud-operations-engineer-at-lendistry-3483769022?refId=Y2yP6uGo51cdQE25%2BpuHMA%3D%3D&trackingId=%2Bquy5ve7yXUQol%2Fz2BYe4w%3D%3D&position=24&pageNum=0&trk=public_jobs_jserp-result_search-card
16,Cloud Engineer,Google Cloud Platform Engineer,Experfy,"Los Angeles, CA",https://www.linkedin.com/jobs/view/google-cloud-platform-engineer-at-experfy-3482851191?refId=Y2yP6uGo51cdQE25%2BpuHMA%3D%3D&trackingId=x8KahY%2BGqgenus1IRyzrNw%3D%3D&position=25&pageNum=0&trk=public_jobs_jserp-result_search-card
17,Cloud Engineer,Google Cloud Platform Engineer,Experfy,"San Francisco, CA",https://www.linkedin.com/jobs/view/google-cloud-platform-engineer-at-experfy-3407258343?refId=O0advAp5AsvgI2Q2ylrZRg%3D%3D&trackingId=%2B3xTJKntiRQsPWBa%2Bg1teg%3D%3D&position=6&pageNum=1&trk=public_jobs_jserp-result_search-card
18,Cloud Engineer,Cloud Services Engineer,The CAR Group (Norm Reeves),"Cerritos, CA",https://www.linkedin.com/jobs/view/cloud-services-engineer-at-the-car-group-norm-reeves-3485797956?refId=O0advAp5AsvgI2Q2ylrZRg%3D%3D&trackingId=dxgOrywEzdqO57rGr49IHg%3D%3D&position=11&pageNum=1&trk=public_jobs_jserp-result_search-card
19,Cloud Engineer,Senior Cloud Operations Engineer,Invitae,"San Francisco, CA",https://www.linkedin.com/jobs/view/senior-cloud-operations-engineer-at-invitae-3484411406?refId=O0advAp5AsvgI2Q2ylrZRg%3D%3D&trackingId=2srB6MSjpA%2BKiLBDNNdqPA%3D%3D&position=12&pageNum=1&trk=public_jobs_jserp-result_search-card
20,Cloud Engineer,Sr. Cloud Engineer,"I.T. Solutions, Inc.","Brisbane, CA",https://www.linkedin.com/jobs/view/sr-cloud-engineer-at-i-t-solutions-inc-3466183076?refId=O0advAp5AsvgI2Q2ylrZRg%3D%3D&trackingId=URUTwqptfrEmvnUGGaip%2BQ%3D%3D&position=13&pageNum=1&trk=public_jobs_jserp-result_search-card
21,Cloud Engineer,Cloud Engineer,The Public Health Company,"San Francisco, CA",https://www.linkedin.com/jobs/view/cloud-engineer-at-the-public-health-company-3420563268?refId=O0advAp5AsvgI2Q2ylrZRg%3D%3D&trackingId=PczhSxv4qtTIbxsN1xN0Ig%3D%3D&position=16&pageNum=1&trk=public_jobs_jserp-result_search-card
22,Cloud Engineer,Cloud Engineer,"Dimensional Thinking, LLC","Irvine, CA",https://www.linkedin.com/jobs/view/cloud-engineer-at-dimensional-thinking-llc-3477033753?refId=O0advAp5AsvgI2Q2ylrZRg%3D%3D&trackingId=9ocmXsXqscBmPcp6zopXPg%3D%3D&position=17&pageNum=1&trk=public_jobs_jserp-result_search-card
23,Cloud Engineer,Google Cloud Platform Engineer,Experfy,"San Diego, CA",https://www.linkedin.com/jobs/view/google-cloud-platform-engineer-at-experfy-3407255873?refId=O0advAp5AsvgI2Q2ylrZRg%3D%3D&trackingId=kZZjTnkUVvKE7ypmLJxM%2Bg%3D%3D&position=19&pageNum=1&trk=public_jobs_jserp-result_search-card
24,Cloud Engineer,Junior Cloud Engineer,ExoAnalytic Solutions,"Lake Forest, CA",https://www.linkedin.com/jobs/view/junior-cloud-engineer-at-exoanalytic-solutions-3398396448?refId=fJ%2B1cLldpXOYslaww8tdsw%3D%3D&trackingId=xhZ%2B5NfjQrj7j5zbKql69g%3D%3D&position=6&pageNum=2&trk=public_jobs_jserp-result_search-card
25,Cloud Engineer,Cloud Security Engineer,Apple,"San Diego, CA",https://www.linkedin.com/jobs/view/cloud-security-engineer-at-apple-3405052324?refId=fJ%2B1cLldpXOYslaww8tdsw%3D%3D&trackingId=uFnP5RbUo2OwzeaP4UGS7Q%3D%3D&position=8&pageNum=2&trk=public_jobs_jserp-result_search-card
26,Cloud Engineer,Cloud Engineer,Cadence Design Systems,"San Jose, CA",https://www.linkedin.com/jobs/view/cloud-engineer-at-cadence-design-systems-3347053193?refId=fJ%2B1cLldpXOYslaww8tdsw%3D%3D&trackingId=W14bvFWjQOYFcmYcPktEbQ%3D%3D&position=9&pageNum=2&trk=public_jobs_jserp-result_search-card
27,Cloud Engineer,Cloud Infrastructure Engineer - ACS Enterprise,Apple,"San Francisco, CA",https://www.linkedin.com/jobs/view/cloud-infrastructure-engineer-acs-enterprise-at-apple-3340562502?refId=fJ%2B1cLldpXOYslaww8tdsw%3D%3D&trackingId=LUJk0AFG1TIWu7G4XzcLjw%3D%3D&position=12&pageNum=2&trk=public_jobs_jserp-result_search-card
28,Cloud Engineer,DEVOPS/ CLOUD ENGINEER,Believe Resourcing Group,"San Francisco, CA",https://www.linkedin.com/jobs/view/devops-cloud-engineer-at-believe-resourcing-group-3475038911?refId=fJ%2B1cLldpXOYslaww8tdsw%3D%3D&trackingId=4Fdm1A8YT5%2B73uoEqFntBw%3D%3D&position=14&pageNum=2&trk=public_jobs_jserp-result_search-card
29,Cloud Engineer,DEVOPS/ CLOUD ENGINEER,Believe Resourcing Group,"Los Angeles, CA",https://www.linkedin.com/jobs/view/devops-cloud-engineer-at-believe-resourcing-group-3474263483?refId=fJ%2B1cLldpXOYslaww8tdsw%3D%3D&trackingId=BYZVL505ZboCLP4Gt6URrA%3D%3D&position=17&pageNum=2&trk=public_jobs_jserp-result_search-card
30,Cloud Engineer,Cloud Engineer (Fullstack/Network),Experfy,"Los Angeles, CA",https://www.linkedin.com/jobs/view/cloud-engineer-fullstack-network-at-experfy-3414819581?refId=fJ%2B1cLldpXOYslaww8tdsw%3D%3D&trackingId=JSIGhLWTj0FMq5NiM8Ahlw%3D%3D&position=18&pageNum=2&trk=public_jobs_jserp-result_search-card
31,Cloud Engineer,Cloud Engineer,Diverse Lynx,"Mountain View, CA",https://www.linkedin.com/jobs/view/cloud-engineer-at-diverse-lynx-3484124782?refId=fJ%2B1cLldpXOYslaww8tdsw%3D%3D&trackingId=dFIxiPXPLqwyOJxMcv3mxA%3D%3D&position=21&pageNum=2&trk=public_jobs_jserp-result_search-card
32,Cloud Engineer,Cloud Engineer and Architect,GBL Systems Corporation,"Camarillo, CA",https://www.linkedin.com/jobs/view/cloud-engineer-and-architect-at-gbl-systems-corporation-3478169940?refId=fJ%2B1cLldpXOYslaww8tdsw%3D%3D&trackingId=ql1cErEoJv3M4pABLty0hg%3D%3D&position=24&pageNum=2&trk=public_jobs_jserp-result_search-card
33,Cloud Engineer,Cloud Infrastructure Engineer,ClassDojo,"San Francisco, CA",https://www.linkedin.com/jobs/view/cloud-infrastructure-engineer-at-classdojo-3471879278?refId=4eLKUFEBKHIirzfspCyPZA%3D%3D&trackingId=6g6Yt%2Bb3VFYLXaSa9IhaZw%3D%3D&position=5&pageNum=3&trk=public_jobs_jserp-result_search-card
34,Cloud Engineer,Cloud Infrastructure Security Engineer,Fiserv,"Sunnyvale, CA",https://www.linkedin.com/jobs/view/cloud-infrastructure-security-engineer-at-fiserv-3468501550?refId=4eLKUFEBKHIirzfspCyPZA%3D%3D&trackingId=GcGgVwHEvWSP%2B25swbX%2FXQ%3D%3D&position=8&pageNum=3&trk=public_jobs_jserp-result_search-card
35,Cloud Engineer,Cloud Operations Engineer,Blue Ocean Gear,"San Mateo, CA",https://www.linkedin.com/jobs/view/cloud-operations-engineer-at-blue-ocean-gear-3477564406?refId=4eLKUFEBKHIirzfspCyPZA%3D%3D&trackingId=SJ%2Bt1l5DnggU%2BPoqgu2rvw%3D%3D&position=11&pageNum=3&trk=public_jobs_jserp-result_search-card
36,Cloud Engineer,Cloud Engineer,E-IT,"San Jose, CA",https://www.linkedin.com/jobs/view/cloud-engineer-at-e-it-3308454435?refId=4eLKUFEBKHIirzfspCyPZA%3D%3D&trackingId=d4GYN6LAX3BH%2FJlKRV0yeQ%3D%3D&position=15&pageNum=3&trk=public_jobs_jserp-result_search-card
37,Cloud Engineer,Cloud DevOps Engineer,Yellowjacketinc.com,"Sunnyvale, CA",https://www.linkedin.com/jobs/view/cloud-devops-engineer-at-yellowjacketinc-com-3415248180?refId=4eLKUFEBKHIirzfspCyPZA%3D%3D&trackingId=ezZLJiwHNnQiTk7i%2FeNaNA%3D%3D&position=16&pageNum=3&trk=public_jobs_jserp-result_search-card
38,Cloud Engineer,Senior Cloud Operations Engineer,Ascendion,"California, United States",https://www.linkedin.com/jobs/view/senior-cloud-operations-engineer-at-ascendion-3450898353?refId=4eLKUFEBKHIirzfspCyPZA%3D%3D&trackingId=H89tfhVyni7B8pTb47Eccg%3D%3D&position=17&pageNum=3&trk=public_jobs_jserp-result_search-card
39,Cloud Engineer,Cloud Security Engineer,CyberSN,San Francisco Bay Area,https://www.linkedin.com/jobs/view/cloud-security-engineer-at-cybersn-3383788931?refId=4eLKUFEBKHIirzfspCyPZA%3D%3D&trackingId=1TIB1zdPFqRs66VYfIpdvw%3D%3D&position=23&pageNum=3&trk=public_jobs_jserp-result_search-card
40,Cloud Engineer,Senior Cloud Operations Engineer,Ascendion,"California, United States",https://www.linkedin.com/jobs/view/senior-cloud-operations-engineer-at-ascendion-3450898353?refId=B43SWMNSBgRLONL2oIyBfA%3D%3D&trackingId=juW68Qvpn4sUXYALX12y%2Fw%3D%3D&position=1&pageNum=4&trk=public_jobs_jserp-result_search-card
41,Cloud Engineer,Cloud Security Engineer,CyberSN,San Francisco Bay Area,https://www.linkedin.com/jobs/view/cloud-security-engineer-at-cybersn-3383788931?refId=B43SWMNSBgRLONL2oIyBfA%3D%3D&trackingId=wfXHWu3BowyVvLbRo9NSEQ%3D%3D&position=6&pageNum=4&trk=public_jobs_jserp-result_search-card
42,Cloud Engineer,Software Engineer (Cloud Team / Backend),Gridware,"Walnut Creek, CA",https://www.linkedin.com/jobs/view/software-engineer-cloud-team-backend-at-gridware-3474034380?refId=B43SWMNSBgRLONL2oIyBfA%3D%3D&trackingId=BlFKBdvVAUUgxo%2BJu%2FdcaA%3D%3D&position=7&pageNum=4&trk=public_jobs_jserp-result_search-card
43,Cloud Engineer,Cloud Engineer,Russell Tobin,"Irvine, CA",https://www.linkedin.com/jobs/view/cloud-engineer-at-russell-tobin-3478673410?refId=B43SWMNSBgRLONL2oIyBfA%3D%3D&trackingId=sQZyAbZZgtp%2FRGqY%2FRuDZQ%3D%3D&position=11&pageNum=4&trk=public_jobs_jserp-result_search-card
44,Cloud Engineer,Cloud Infrastructure Engineer,San Joaquin Delta College,"Stockton, CA",https://www.linkedin.com/jobs/view/cloud-infrastructure-engineer-at-san-joaquin-delta-college-3476263443?refId=B43SWMNSBgRLONL2oIyBfA%3D%3D&trackingId=YOnlz4zfa1XNI1Q66lKKaQ%3D%3D&position=12&pageNum=4&trk=public_jobs_jserp-result_search-card
45,Cloud Engineer,"Senior Cloud Engineer - Software Development (contract 9 months, Hybrid)",PerunHR,"Irvine, CA",https://www.linkedin.com/jobs/view/senior-cloud-engineer-software-development-contract-9-months-hybrid-at-perunhr-3477470795?refId=B43SWMNSBgRLONL2oIyBfA%3D%3D&trackingId=KPzQCrGnUJy8rmhdZDTSqw%3D%3D&position=16&pageNum=4&trk=public_jobs_jserp-result_search-card
46,Cloud Engineer,Cloud DevOps Engineer (US),Consult Red,"California, United States",https://www.linkedin.com/jobs/view/cloud-devops-engineer-us-at-consult-red-3408403425?refId=B43SWMNSBgRLONL2oIyBfA%3D%3D&trackingId=54oI2l7raYiHaZ1DSNVH2w%3D%3D&position=20&pageNum=4&trk=public_jobs_jserp-result_search-card
47,Cloud Engineer,Software Engineer (Cloud Infrastructure),Vibrant Planet,"California, United States",https://www.linkedin.com/jobs/view/software-engineer-cloud-infrastructure-at-vibrant-planet-3339825971?refId=POZr1SrfxmZlAPds1Aqxvw%3D%3D&trackingId=s%2BqrMDAiTWVAuTZv1mzroQ%3D%3D&position=4&pageNum=5&trk=public_jobs_jserp-result_search-card
48,Cloud Engineer,Apple Cloud Platform - Continuous Delivery Backend Engineer,Apple,"Cupertino, CA",https://www.linkedin.com/jobs/view/apple-cloud-platform-continuous-delivery-backend-engineer-at-apple-3349195159?refId=POZr1SrfxmZlAPds1Aqxvw%3D%3D&trackingId=UNsfAT85TKbEkpfWcMXW5g%3D%3D&position=8&pageNum=5&trk=public_jobs_jserp-result_search-card
49,Cloud Engineer,Cloud Solution Engineer,"City Wide Property Services, Inc.","Sacramento, CA",https://www.linkedin.com/jobs/view/cloud-solution-engineer-at-city-wide-property-services-inc-3456081516?refId=POZr1SrfxmZlAPds1Aqxvw%3D%3D&trackingId=ogxXV5bqAJrOuLOVlLzydw%3D%3D&position=10&pageNum=5&trk=public_jobs_jserp-result_search-card
50,Cloud Engineer,Senior Cloud DevOps Engineer - SPG,Apple,"Cupertino, CA",https://www.linkedin.com/jobs/view/senior-cloud-devops-engineer-spg-at-apple-3348050117?refId=POZr1SrfxmZlAPds1Aqxvw%3D%3D&trackingId=gNMoLFZWzHX21jw8wIRUoA%3D%3D&position=11&pageNum=5&trk=public_jobs_jserp-result_search-card
51,Cloud Engineer,Cloud Engineer,Deckers Brands,"Riverside, CA",https://www.linkedin.com/jobs/view/cloud-engineer-at-deckers-brands-3438951842?refId=POZr1SrfxmZlAPds1Aqxvw%3D%3D&trackingId=1N3foRcS9QeIJpn%2B2HT3iQ%3D%3D&position=13&pageNum=5&trk=public_jobs_jserp-result_search-card
52,Cloud Engineer,Cloud DevOps Engineer,Noralogic Inc,"Santa Clarita, CA",https://www.linkedin.com/jobs/view/cloud-devops-engineer-at-noralogic-inc-3471554645?refId=POZr1SrfxmZlAPds1Aqxvw%3D%3D&trackingId=i13giRPa1L2MYWNzmNvq3g%3D%3D&position=17&pageNum=5&trk=public_jobs_jserp-result_search-card
53,Cloud Engineer,Cloud Infrastructure Engineer,SGNL,"Palo Alto, CA",https://www.linkedin.com/jobs/view/cloud-infrastructure-engineer-at-sgnl-3416768059?refId=POZr1SrfxmZlAPds1Aqxvw%3D%3D&trackingId=0l51vCCxGiDo%2BGpRnjO2oQ%3D%3D&position=19&pageNum=5&trk=public_jobs_jserp-result_search-card
54,Cloud Engineer,Cloud Engineer,Deckers Brands,"San Francisco, CA",https://www.linkedin.com/jobs/view/cloud-engineer-at-deckers-brands-3438952763?refId=POZr1SrfxmZlAPds1Aqxvw%3D%3D&trackingId=sc3pdjrn3Km9bMtyw9wLSA%3D%3D&position=21&pageNum=5&trk=public_jobs_jserp-result_search-card
55,Cloud Engineer,Cloud Engineer,ERPMARK INC,"San Jose, CA",https://www.linkedin.com/jobs/view/cloud-engineer-at-erpmark-inc-3479855877?refId=POZr1SrfxmZlAPds1Aqxvw%3D%3D&trackingId=X6CSoFuHnfPL6R6rpIKIVQ%3D%3D&position=22&pageNum=5&trk=public_jobs_jserp-result_search-card
56,Cloud Engineer,Cloud Processing Engineer Intern (Summer 23),Dolby Laboratories,"San Francisco, CA",https://www.linkedin.com/jobs/view/cloud-processing-engineer-intern-summer-23-at-dolby-laboratories-3404459180?refId=sEYYTVZ%2BRSungZec15pg3w%3D%3D&trackingId=nsYyjLQDGSuX5yV8P3%2Bc9Q%3D%3D&position=1&pageNum=6&trk=public_jobs_jserp-result_search-card
57,Cloud Engineer,Sr Cloud Software Development/DevOPs Engineer,"Tarana Wireless, Inc.",San Francisco Bay Area,https://www.linkedin.com/jobs/view/sr-cloud-software-development-devops-engineer-at-tarana-wireless-inc-3316313751?refId=sEYYTVZ%2BRSungZec15pg3w%3D%3D&trackingId=OJmwraHJYgUElYKAXxnVEw%3D%3D&position=4&pageNum=6&trk=public_jobs_jserp-result_search-card
58,Cloud Engineer,Cloud Engineer,New American Funding,"California, United States",https://www.linkedin.com/jobs/view/cloud-engineer-at-new-american-funding-3429678680?refId=sEYYTVZ%2BRSungZec15pg3w%3D%3D&trackingId=2y1YS97c%2FPfmQuNUtFZi6g%3D%3D&position=5&pageNum=6&trk=public_jobs_jserp-result_search-card
59,Cloud Engineer,Senior Cloud Engineer,tCognition,"California, United States",https://www.linkedin.com/jobs/view/senior-cloud-engineer-at-tcognition-3484755761?refId=sEYYTVZ%2BRSungZec15pg3w%3D%3D&trackingId=VhMDHYvO02MfgD5ra8IAfA%3D%3D&position=7&pageNum=6&trk=public_jobs_jserp-result_search-card
60,Cloud Engineer,Cloud and DevOps Engineer,Abbott,"Alameda, CA",https://www.linkedin.com/jobs/view/cloud-and-devops-engineer-at-abbott-3485195395?refId=sEYYTVZ%2BRSungZec15pg3w%3D%3D&trackingId=Jsjc9j16ZBkSaClIqIaKgQ%3D%3D&position=11&pageNum=6&trk=public_jobs_jserp-result_search-card
61,Cloud Engineer,AWS Cloud Engineer - Freelance [Remote],Braintrust,"San Francisco, CA",https://www.linkedin.com/jobs/view/aws-cloud-engineer-freelance-remote-at-braintrust-3483516013?refId=sEYYTVZ%2BRSungZec15pg3w%3D%3D&trackingId=LPPvAmrb3NqTJjxW14aMwg%3D%3D&position=12&pageNum=6&trk=public_jobs_jserp-result_search-card
62,Cloud Engineer,Cloud Engineer,Yellowjacketinc.com,"Sunnyvale, CA",https://www.linkedin.com/jobs/view/cloud-engineer-at-yellowjacketinc-com-3415241861?refId=sEYYTVZ%2BRSungZec15pg3w%3D%3D&trackingId=r%2F6a8Lh98E6v7yJdzCRe%2FQ%3D%3D&position=14&pageNum=6&trk=public_jobs_jserp-result_search-card
63,Cloud Engineer,Azure Cloud Infrastructure Engineer,Neudesic,"Irvine, CA",https://www.linkedin.com/jobs/view/azure-cloud-infrastructure-engineer-at-neudesic-3431734943?refId=sEYYTVZ%2BRSungZec15pg3w%3D%3D&trackingId=LdgHPx%2F96AdzoEJTycp83Q%3D%3D&position=17&pageNum=6&trk=public_jobs_jserp-result_search-card
64,Cloud Engineer,Cloud Engineer,Diverse Lynx,"Palo Alto, CA",https://www.linkedin.com/jobs/view/cloud-engineer-at-diverse-lynx-3484137614?refId=sEYYTVZ%2BRSungZec15pg3w%3D%3D&trackingId=qeR3u0Z7eKHrw%2FaAGVhcGg%3D%3D&position=18&pageNum=6&trk=public_jobs_jserp-result_search-card
65,Cloud Engineer,Cloud Engineer,Diverse Lynx,"Sunnyvale, CA",https://www.linkedin.com/jobs/view/cloud-engineer-at-diverse-lynx-3485735268?refId=sEYYTVZ%2BRSungZec15pg3w%3D%3D&trackingId=dHCbgNsNSMCsdzxPs8a%2F1Q%3D%3D&position=19&pageNum=6&trk=public_jobs_jserp-result_search-card
66,Cloud Engineer,Junior Cloud (DevOps) Engineer,Itility US,"San Jose, CA",https://www.linkedin.com/jobs/view/junior-cloud-devops-engineer-at-itility-us-3408071114?refId=sEYYTVZ%2BRSungZec15pg3w%3D%3D&trackingId=sOvB5ZLCqx8Ae4nddyjKOg%3D%3D&position=21&pageNum=6&trk=public_jobs_jserp-result_search-card
67,Cloud Engineer,Sr. Cloud Native Software Engineer,Formic Labs,San Francisco Bay Area,https://www.linkedin.com/jobs/view/sr-cloud-native-software-engineer-at-formic-labs-3420606640?refId=sEYYTVZ%2BRSungZec15pg3w%3D%3D&trackingId=VKGiq5Uz9kze3eUUto81JQ%3D%3D&position=25&pageNum=6&trk=public_jobs_jserp-result_search-card
68,Cloud Engineer,Cloud Engineer,Deckers Brands,"San Diego, CA",https://www.linkedin.com/jobs/view/cloud-engineer-at-deckers-brands-3438954254?refId=lAQ806X%2FJI6xquz5s4lh9Q%3D%3D&trackingId=2NoUlAHMWO6obt1RKqKXSg%3D%3D&position=5&pageNum=7&trk=public_jobs_jserp-result_search-card
69,Cloud Engineer,DevOps Cloud engineer,Diverse Lynx,"San Jose, CA",https://www.linkedin.com/jobs/view/devops-cloud-engineer-at-diverse-lynx-3484125993?refId=lAQ806X%2FJI6xquz5s4lh9Q%3D%3D&trackingId=54lRWIy6uN4ghQA4mv1RVg%3D%3D&position=11&pageNum=7&trk=public_jobs_jserp-result_search-card
70,Cloud Engineer,AWS Cloud Engineer,Diverse Lynx,"Los Angeles, CA",https://www.linkedin.com/jobs/view/aws-cloud-engineer-at-diverse-lynx-3484149225?refId=lAQ806X%2FJI6xquz5s4lh9Q%3D%3D&trackingId=9DT7WbeS4kcjhcr%2FhLEeFQ%3D%3D&position=12&pageNum=7&trk=public_jobs_jserp-result_search-card
71,Cloud Engineer,DevOps Cloud Engineer,Roche,"South San Francisco, CA",https://www.linkedin.com/jobs/view/devops-cloud-engineer-at-roche-3354881526?refId=lAQ806X%2FJI6xquz5s4lh9Q%3D%3D&trackingId=JIafzgJbTL8DW3QCFu%2F%2Bcg%3D%3D&position=17&pageNum=7&trk=public_jobs_jserp-result_search-card
72,Cloud Engineer,Cloud Engineer,Diverse Lynx,"San Jose, CA",https://www.linkedin.com/jobs/view/cloud-engineer-at-diverse-lynx-3485718897?refId=lAQ806X%2FJI6xquz5s4lh9Q%3D%3D&trackingId=NeaMn7MvpS68jHYMMsCbOg%3D%3D&position=20&pageNum=7&trk=public_jobs_jserp-result_search-card
73,Cloud Engineer,Cloud Infrastructure Engineer (Remote),Weights & Biases,"San Francisco, CA",https://www.linkedin.com/jobs/view/cloud-infrastructure-engineer-remote-at-weights-biases-3460349141?refId=lAQ806X%2FJI6xquz5s4lh9Q%3D%3D&trackingId=jOo%2FphM8m3QmTqzLWwMcfw%3D%3D&position=22&pageNum=7&trk=public_jobs_jserp-result_search-card
74,Cloud Engineer,DevOps Cloud engineer,Diverse Lynx,"San Jose, CA",https://www.linkedin.com/jobs/view/devops-cloud-engineer-at-diverse-lynx-3484130094?refId=lAQ806X%2FJI6xquz5s4lh9Q%3D%3D&trackingId=as%2BQj6pRieDzoHHo4Cllvw%3D%3D&position=23&pageNum=7&trk=public_jobs_jserp-result_search-card
75,Cloud Engineer,Cloud and DevOps Engineer,Abbott,"Alameda, CA",https://www.linkedin.com/jobs/view/cloud-and-devops-engineer-at-abbott-3450102106?refId=lAQ806X%2FJI6xquz5s4lh9Q%3D%3D&trackingId=YzLGY0aruJToSXdpr4DZJQ%3D%3D&position=24&pageNum=7&trk=public_jobs_jserp-result_search-card
76,Cloud Engineer,DevOps Engineer/ Cloud Engineer,Diverse Lynx,"San Jose, CA",https://www.linkedin.com/jobs/view/devops-engineer-cloud-engineer-at-diverse-lynx-3485730406?refId=oNKUuGEsc3wD5%2FidexEJOw%3D%3D&trackingId=6%2FsbtaafAP%2Fe0691nI4B8A%3D%3D&position=2&pageNum=8&trk=public_jobs_jserp-result_search-card
77,Cloud Engineer,AWS Cloud Engineer,ClifyX,"Los Angeles, CA",https://www.linkedin.com/jobs/view/aws-cloud-engineer-at-clifyx-3349159508?refId=oNKUuGEsc3wD5%2FidexEJOw%3D%3D&trackingId=hKM8xzoA75wqiJtCCxIIXg%3D%3D&position=3&pageNum=8&trk=public_jobs_jserp-result_search-card
78,Cloud Engineer,Devops Cloud Engineer,Diverse Lynx,"San Jose, CA",https://www.linkedin.com/jobs/view/devops-cloud-engineer-at-diverse-lynx-3484147218?refId=oNKUuGEsc3wD5%2FidexEJOw%3D%3D&trackingId=lWNUicII82twb1gt40ne%2Fg%3D%3D&position=6&pageNum=8&trk=public_jobs_jserp-result_search-card
79,Cloud Engineer,Cloud DevOps Engineer (Onsite),iBASEt,"Lake Forest, CA",https://www.linkedin.com/jobs/view/cloud-devops-engineer-onsite-at-ibaset-3437064635?refId=oNKUuGEsc3wD5%2FidexEJOw%3D%3D&trackingId=lN1LgouxehZvnW%2FPGbbyFg%3D%3D&position=7&pageNum=8&trk=public_jobs_jserp-result_search-card
80,Cloud Engineer,Cloud Engineer - Remote,Jobot,"Irvine, CA",https://www.linkedin.com/jobs/view/cloud-engineer-remote-at-jobot-3482356929?refId=oNKUuGEsc3wD5%2FidexEJOw%3D%3D&trackingId=oGKhk0jGLd4FzD%2FjB3%2B%2F%2Bw%3D%3D&position=10&pageNum=8&trk=public_jobs_jserp-result_search-card
81,Cloud Engineer,Cloud Engineer,"G2 Ops, Inc.","San Diego, CA",https://www.linkedin.com/jobs/view/cloud-engineer-at-g2-ops-inc-3449789334?refId=oNKUuGEsc3wD5%2FidexEJOw%3D%3D&trackingId=DQ9GkzFduj38E153zPyYjQ%3D%3D&position=11&pageNum=8&trk=public_jobs_jserp-result_search-card
82,Cloud Engineer,Cloud Data Engineer (Remote),Cayuse Holdings,"San Diego, CA",https://www.linkedin.com/jobs/view/cloud-data-engineer-remote-at-cayuse-holdings-3417691441?refId=oNKUuGEsc3wD5%2FidexEJOw%3D%3D&trackingId=k2Iv85iWqeLZQ2F2s7TENw%3D%3D&position=16&pageNum=8&trk=public_jobs_jserp-result_search-card
83,Cloud Engineer,Cloud Engineer,Elo Touch Solutions,"Milpitas, CA",https://www.linkedin.com/jobs/view/cloud-engineer-at-elo-touch-solutions-3474018710?refId=oNKUuGEsc3wD5%2FidexEJOw%3D%3D&trackingId=lUjj3PEmjvTsu%2F0vPytcUA%3D%3D&position=21&pageNum=8&trk=public_jobs_jserp-result_search-card
84,Cloud Engineer,Cloud Engineer,Diverse Lynx,"California, United States",https://www.linkedin.com/jobs/view/cloud-engineer-at-diverse-lynx-3485715980?refId=oNKUuGEsc3wD5%2FidexEJOw%3D%3D&trackingId=5Gc7NkUMvjkNZNLKNkPmNQ%3D%3D&position=22&pageNum=8&trk=public_jobs_jserp-result_search-card
85,Cloud Engineer,Cloud Engineer,Elo Touch Solutions,"Milpitas, CA",https://www.linkedin.com/jobs/view/cloud-engineer-at-elo-touch-solutions-3474018710?refId=grOCstbWhxAm7xTkBeLV9Q%3D%3D&trackingId=h%2B3lvAk6xVY6%2BzIvjCuTeg%3D%3D&position=3&pageNum=9&trk=public_jobs_jserp-result_search-card
86,Cloud Engineer,Cloud Engineer,Diverse Lynx,"California, United States",https://www.linkedin.com/jobs/view/cloud-engineer-at-diverse-lynx-3485715980?refId=grOCstbWhxAm7xTkBeLV9Q%3D%3D&trackingId=AOzaqynFBxJ9cdC4L%2Bj9DA%3D%3D&position=5&pageNum=9&trk=public_jobs_jserp-result_search-card
87,Cloud Engineer,Cloud Data Engineer,Seven Hills Group Technologies Inc.,San Francisco Bay Area,https://www.linkedin.com/jobs/view/cloud-data-engineer-at-seven-hills-group-technologies-inc-3476635192?refId=grOCstbWhxAm7xTkBeLV9Q%3D%3D&trackingId=2dlTlMcvY5hJoPXU1me01A%3D%3D&position=7&pageNum=9&trk=public_jobs_jserp-result_search-card
88,Cloud Engineer,Sr. Cloud Software Engineer,"Tarana Wireless, Inc.",San Francisco Bay Area,https://www.linkedin.com/jobs/view/sr-cloud-software-engineer-at-tarana-wireless-inc-2947039281?refId=grOCstbWhxAm7xTkBeLV9Q%3D%3D&trackingId=zBiovrF8WYbKuzli6cFsAg%3D%3D&position=14&pageNum=9&trk=public_jobs_jserp-result_search-card
89,Cloud Engineer,Cloud Services Engineer,The CAR Group (Norm Reeves),"Cerritos, CA",https://www.linkedin.com/jobs/view/cloud-services-engineer-at-the-car-group-norm-reeves-3485797956?refId=grOCstbWhxAm7xTkBeLV9Q%3D%3D&trackingId=s6vB1S%2FItwu7b8zCaAHm0w%3D%3D&position=19&pageNum=9&trk=public_jobs_jserp-result_search-card
90,Cloud Engineer,Cloud Engineer,Hewlett Packard Enterprise,"California, United States",https://www.linkedin.com/jobs/view/cloud-engineer-at-hewlett-packard-enterprise-3480682326?refId=grOCstbWhxAm7xTkBeLV9Q%3D%3D&trackingId=vWIfuzdmPYPoCCpWjBhMvg%3D%3D&position=25&pageNum=9&trk=public_jobs_jserp-result_search-card
91,Cloud Engineer,Urgent Need: Cloud Security Engineer,Diverse Lynx,"San Jose, CA",https://www.linkedin.com/jobs/view/urgent-need-cloud-security-engineer-at-diverse-lynx-3485719617?refId=xmJh8XR%2FcY1v4OMe1cH8%2Bg%3D%3D&trackingId=DAtCP7npvWzsEAuYfwuMJQ%3D%3D&position=6&pageNum=10&trk=public_jobs_jserp-result_search-card
92,Cloud Engineer,"Software Engineer Intern, Cloud",Roku Inc.,"San Jose, CA",https://www.linkedin.com/jobs/view/software-engineer-intern-cloud-at-roku-inc-3327886329?refId=xmJh8XR%2FcY1v4OMe1cH8%2Bg%3D%3D&trackingId=vM1vsN7pnBghFjqM1nnixw%3D%3D&position=8&pageNum=10&trk=public_jobs_jserp-result_search-card
93,Cloud Engineer,Azure Cloud Engineer,Diverse Lynx,San Francisco Bay Area,https://www.linkedin.com/jobs/view/azure-cloud-engineer-at-diverse-lynx-3485681043?refId=xmJh8XR%2FcY1v4OMe1cH8%2Bg%3D%3D&trackingId=omhQOPBYpRCwh%2BmH572%2B7g%3D%3D&position=14&pageNum=10&trk=public_jobs_jserp-result_search-card
94,Cloud Engineer,Azure Cloud Engineer,Diverse Lynx,"Pleasanton, CA",https://www.linkedin.com/jobs/view/azure-cloud-engineer-at-diverse-lynx-3484153395?refId=xmJh8XR%2FcY1v4OMe1cH8%2Bg%3D%3D&trackingId=y6%2BWRbmIhkgCYRdz5tKaJQ%3D%3D&position=16&pageNum=10&trk=public_jobs_jserp-result_search-card
95,Cloud Engineer,Cloud and DevOps Engineer,Abbott,"Alameda, CA",https://www.linkedin.com/jobs/view/cloud-and-devops-engineer-at-abbott-3450101337?refId=xmJh8XR%2FcY1v4OMe1cH8%2Bg%3D%3D&trackingId=0ySqyT5mgx7WWDx2SyL%2FFA%3D%3D&position=17&pageNum=10&trk=public_jobs_jserp-result_search-card
96,Cloud Engineer,Senior Cloud Engineer,Shutterfly,"San Jose, CA",https://www.linkedin.com/jobs/view/senior-cloud-engineer-at-shutterfly-3468156330?refId=xmJh8XR%2FcY1v4OMe1cH8%2Bg%3D%3D&trackingId=sf7gB92aFhNrOLC6NvbWgw%3D%3D&position=18&pageNum=10&trk=public_jobs_jserp-result_search-card
97,Cloud Engineer,DevOps Cloud Engineer,PlayStation,"San Diego, CA",https://www.linkedin.com/jobs/view/devops-cloud-engineer-at-playstation-3480679882?refId=xmJh8XR%2FcY1v4OMe1cH8%2Bg%3D%3D&trackingId=D8Co9vUHcZHjVXR5S0KOpg%3D%3D&position=21&pageNum=10&trk=public_jobs_jserp-result_search-card
98,Cloud Engineer,Senior Cloud Engineer,Shutterfly,"San Jose, CA",https://www.linkedin.com/jobs/view/senior-cloud-engineer-at-shutterfly-3468156330?refId=ZInegemmfqFZiXK9KaBasQ%3D%3D&trackingId=GL5svPXLQ7T8MiIAaJ7BLA%3D%3D&position=1&pageNum=11&trk=public_jobs_jserp-result_search-card
99,Cloud Engineer,DevOps Cloud Engineer,PlayStation,"San Diego, CA",https://www.linkedin.com/jobs/view/devops-cloud-engineer-at-playstation-3480679882?refId=ZInegemmfqFZiXK9KaBasQ%3D%3D&trackingId=Fwhnoq197ddkzCv5RCuT1w%3D%3D&position=4&pageNum=11&trk=public_jobs_jserp-result_search-card
100,Cloud Engineer,Sr Cloud Site Reliability Engineer,Tesla,"Fremont, CA",https://www.linkedin.com/jobs/view/sr-cloud-site-reliability-engineer-at-tesla-3275641873?refId=ZInegemmfqFZiXK9KaBasQ%3D%3D&trackingId=i6J96UnfhbUt%2FV%2FhN33tnA%3D%3D&position=7&pageNum=11&trk=public_jobs_jserp-result_search-card
101,Cloud Engineer,Principal Cloud Infrastructure Engineer - Blockchain/Web3,Apollo Solutions,San Francisco Bay Area,https://www.linkedin.com/jobs/view/principal-cloud-infrastructure-engineer-blockchain-web3-at-apollo-solutions-3452451711?refId=ZInegemmfqFZiXK9KaBasQ%3D%3D&trackingId=ieoWDzEqvlKp6v9eS6eyEA%3D%3D&position=10&pageNum=11&trk=public_jobs_jserp-result_search-card
102,Cloud Engineer,Cloud Operations Engineer,Lendistry,"San Jose, CA",https://www.linkedin.com/jobs/view/cloud-operations-engineer-at-lendistry-3483753086?refId=ZInegemmfqFZiXK9KaBasQ%3D%3D&trackingId=fuhjDTj3mTJGR0sTuuZ5kg%3D%3D&position=12&pageNum=11&trk=public_jobs_jserp-result_search-card
103,Cloud Engineer,Cloud Data Engineer,Diverse Lynx,"San Jose, CA",https://www.linkedin.com/jobs/view/cloud-data-engineer-at-diverse-lynx-3485697272?refId=ZInegemmfqFZiXK9KaBasQ%3D%3D&trackingId=uF9oL3%2F7Xkv%2FNb1EyCP%2BFA%3D%3D&position=16&pageNum=11&trk=public_jobs_jserp-result_search-card
104,Cloud Engineer,GCP Cloud Engineer,Diverse Lynx,"California, United States",https://www.linkedin.com/jobs/view/gcp-cloud-engineer-at-diverse-lynx-3484112745?refId=ZInegemmfqFZiXK9KaBasQ%3D%3D&trackingId=OpaJQxLDjYLKukNFNg%2FlDw%3D%3D&position=18&pageNum=11&trk=public_jobs_jserp-result_search-card
105,Cloud Engineer,GCP Cloud Engineer,Diverse Lynx,"Sunnyvale, CA",https://www.linkedin.com/jobs/view/gcp-cloud-engineer-at-diverse-lynx-3484121859?refId=ZInegemmfqFZiXK9KaBasQ%3D%3D&trackingId=BaaYObfG8IlK3sxyqa7PKg%3D%3D&position=19&pageNum=11&trk=public_jobs_jserp-result_search-card
106,Cloud Engineer,Cloud Infrastructure Engineer - DevOps,Mastercard,"California, United States",https://www.linkedin.com/jobs/view/cloud-infrastructure-engineer-devops-at-mastercard-3421289219?refId=ZInegemmfqFZiXK9KaBasQ%3D%3D&trackingId=YBqh2vw49LA2jKuo0lIoaA%3D%3D&position=23&pageNum=11&trk=public_jobs_jserp-result_search-card
107,Cloud Engineer,Cloud Dev-Sec-Ops Engineer,Over J Consulting,"Los Angeles, CA",https://www.linkedin.com/jobs/view/cloud-dev-sec-ops-engineer-at-over-j-consulting-3461255544?refId=%2B9ZZpVfdu7QVyFrifL5kZw%3D%3D&trackingId=Vnx5LdMwGOH8v0jPVfFj%2FA%3D%3D&position=13&pageNum=12&trk=public_jobs_jserp-result_search-card
108,Cloud Engineer,Cloud Support Engineer,Stealth Startup,"Irvine, CA",https://www.linkedin.com/jobs/view/cloud-support-engineer-at-stealth-startup-3450872739?refId=%2B9ZZpVfdu7QVyFrifL5kZw%3D%3D&trackingId=0pCLw2ryGs6J77OzIqWw4A%3D%3D&position=14&pageNum=12&trk=public_jobs_jserp-result_search-card
109,Cloud Engineer,Cloud Support Engineer,Ascendion,"Irvine, CA",https://www.linkedin.com/jobs/view/cloud-support-engineer-at-ascendion-3469843613?refId=%2B9ZZpVfdu7QVyFrifL5kZw%3D%3D&trackingId=8nZ%2BDYA3lcbxW6e0vihzWg%3D%3D&position=17&pageNum=12&trk=public_jobs_jserp-result_search-card
110,Cloud Engineer,Principal DevOps Engineer - Cloud and Distributed Systems,PredictSpring,"Mountain View, CA",https://www.linkedin.com/jobs/view/principal-devops-engineer-cloud-and-distributed-systems-at-predictspring-3177821336?refId=%2B9ZZpVfdu7QVyFrifL5kZw%3D%3D&trackingId=SgAur%2FjqxuOe3EcUlrfppw%3D%3D&position=19&pageNum=12&trk=public_jobs_jserp-result_search-card
111,Cloud Engineer,Senior Cloud Infrastructure Engineer,PlayStation,"San Mateo, CA",https://www.linkedin.com/jobs/view/senior-cloud-infrastructure-engineer-at-playstation-3343533211?refId=KS%2BAQQ2EAAh3zktDM7G5Jw%3D%3D&trackingId=%2BtIG%2B5N1RCMQOdaYtcxa%2Bw%3D%3D&position=1&pageNum=13&trk=public_jobs_jserp-result_search-card
112,Cloud Engineer,"Staff Cloud Operations Engineer CloudOps / DevOps, AWS -8484",Extreme Networks,"California, United States",https://www.linkedin.com/jobs/view/staff-cloud-operations-engineer-cloudops-devops-aws-8484-at-extreme-networks-3463575478?refId=KS%2BAQQ2EAAh3zktDM7G5Jw%3D%3D&trackingId=Pv%2FQmDIbIHl7A4R%2FA%2FErMQ%3D%3D&position=3&pageNum=13&trk=public_jobs_jserp-result_search-card
113,Cloud Engineer,Google Cloud Engineer,Diverse Lynx,"Rosemead, CA",https://www.linkedin.com/jobs/view/google-cloud-engineer-at-diverse-lynx-3485731178?refId=KS%2BAQQ2EAAh3zktDM7G5Jw%3D%3D&trackingId=aN1xOezjGZFs%2BH7p%2FQvJKA%3D%3D&position=5&pageNum=13&trk=public_jobs_jserp-result_search-card
114,Cloud Engineer,Cloud Support Engineer,Stealth Startup,"Irvine, CA",https://www.linkedin.com/jobs/view/cloud-support-engineer-at-stealth-startup-3450890497?refId=KS%2BAQQ2EAAh3zktDM7G5Jw%3D%3D&trackingId=jl6vNQRfWoNllxfUIvgIIA%3D%3D&position=8&pageNum=13&trk=public_jobs_jserp-result_search-card
115,Cloud Engineer,Cloud Support Engineer,Ascendion,"Irvine, CA",https://www.linkedin.com/jobs/view/cloud-support-engineer-at-ascendion-3448368132?refId=KS%2BAQQ2EAAh3zktDM7G5Jw%3D%3D&trackingId=iAaoDr0yyxFOW%2BrLAQ1O9w%3D%3D&position=15&pageNum=13&trk=public_jobs_jserp-result_search-card
116,Cloud Engineer,Azure Cloud Engineer,IFG (The iFish Group),"Sacramento, CA",https://www.linkedin.com/jobs/view/azure-cloud-engineer-at-ifg-the-ifish-group-3464909277?refId=KS%2BAQQ2EAAh3zktDM7G5Jw%3D%3D&trackingId=mbd%2FL%2B%2BXcck0k0z5CGC%2Bcw%3D%3D&position=16&pageNum=13&trk=public_jobs_jserp-result_search-card
117,Cloud Engineer,Cloud Network Engineer (Remote),Addison Group,"California, United States",https://www.linkedin.com/jobs/view/cloud-network-engineer-remote-at-addison-group-3483149638?refId=KS%2BAQQ2EAAh3zktDM7G5Jw%3D%3D&trackingId=9KRGiC6pVyTLs%2FvjMTJMWQ%3D%3D&position=17&pageNum=13&trk=public_jobs_jserp-result_search-card
118,Cloud Engineer,Cloud Software Engineer,Electriq Power,"San Leandro, CA",https://www.linkedin.com/jobs/view/cloud-software-engineer-at-electriq-power-3395364996?refId=KS%2BAQQ2EAAh3zktDM7G5Jw%3D%3D&trackingId=tXoX7VV05H%2FK5tTs5rbRkA%3D%3D&position=21&pageNum=13&trk=public_jobs_jserp-result_search-card
119,Cloud Engineer,Azure Cloud Engineer - REMOTE,Diverse Lynx,"San Ramon, CA",https://www.linkedin.com/jobs/view/azure-cloud-engineer-remote-at-diverse-lynx-3484146857?refId=KS%2BAQQ2EAAh3zktDM7G5Jw%3D%3D&trackingId=1y3tDWtcEscNsZEcH6HYLQ%3D%3D&position=23&pageNum=13&trk=public_jobs_jserp-result_search-card
120,Cloud Engineer,Azure Cloud Engineer,IFG (The iFish Group),"Sacramento, CA",https://www.linkedin.com/jobs/view/azure-cloud-engineer-at-ifg-the-ifish-group-3464909277?refId=TqWFUQfdd%2Feww4PinS6DOg%3D%3D&trackingId=jjqBp8vCrJvPrOLK%2B44hfQ%3D%3D&position=1&pageNum=14&trk=public_jobs_jserp-result_search-card
121,Cloud Engineer,Cloud Network Engineer (Remote),Addison Group,"California, United States",https://www.linkedin.com/jobs/view/cloud-network-engineer-remote-at-addison-group-3483149638?refId=TqWFUQfdd%2Feww4PinS6DOg%3D%3D&trackingId=TLagZosbsTsk7M0wN3xVLg%3D%3D&position=2&pageNum=14&trk=public_jobs_jserp-result_search-card
122,Cloud Engineer,AWS Cloud Engineer - 5+ Years of experience,Diverse Lynx,"Sunnyvale, CA",https://www.linkedin.com/jobs/view/aws-cloud-engineer-5%2B-years-of-experience-at-diverse-lynx-3484147967?refId=TqWFUQfdd%2Feww4PinS6DOg%3D%3D&trackingId=fxyp8DLPP1blI3IJgDU94g%3D%3D&position=4&pageNum=14&trk=public_jobs_jserp-result_search-card
123,Cloud Engineer,Cloud Software Engineer,Electriq Power,"San Leandro, CA",https://www.linkedin.com/jobs/view/cloud-software-engineer-at-electriq-power-3395364996?refId=TqWFUQfdd%2Feww4PinS6DOg%3D%3D&trackingId=QdhKH5%2FUaNzAC%2B9zBUp6Mg%3D%3D&position=6&pageNum=14&trk=public_jobs_jserp-result_search-card
124,Cloud Engineer,Sr. Cloud Engineer - Large Datasets Implementation,Talentsearchpro,"Irvine, CA",https://www.linkedin.com/jobs/view/sr-cloud-engineer-large-datasets-implementation-at-talentsearchpro-3488344436?refId=TqWFUQfdd%2Feww4PinS6DOg%3D%3D&trackingId=wQJ8zFdvHGHF67x4i6IYDg%3D%3D&position=11&pageNum=14&trk=public_jobs_jserp-result_search-card
125,Cloud Engineer,Cloud Support Engineer,Trusted Tech Team,"Irvine, CA",https://www.linkedin.com/jobs/view/cloud-support-engineer-at-trusted-tech-team-3423509352?refId=TqWFUQfdd%2Feww4PinS6DOg%3D%3D&trackingId=fHCBYsUF6mnpaUb8n%2BxIVw%3D%3D&position=13&pageNum=14&trk=public_jobs_jserp-result_search-card
126,Cloud Engineer,DevOps Cloud Engineer,Genentech,"South San Francisco, CA",https://www.linkedin.com/jobs/view/devops-cloud-engineer-at-genentech-3179387003?refId=TqWFUQfdd%2Feww4PinS6DOg%3D%3D&trackingId=Q64PxetsxMsCjcbaVyxJFg%3D%3D&position=14&pageNum=14&trk=public_jobs_jserp-result_search-card
127,Cloud Engineer,Cloud SW Engineer,Technika Search,"San Diego, CA",https://www.linkedin.com/jobs/view/cloud-sw-engineer-at-technika-search-3488098364?refId=TqWFUQfdd%2Feww4PinS6DOg%3D%3D&trackingId=henQIa8g2HBRUmpVLoee6w%3D%3D&position=18&pageNum=14&trk=public_jobs_jserp-result_search-card
128,Cloud Engineer,10214 – Google Cloud Engineer,Hyundai AutoEver America,"Fountain Valley, CA",https://www.linkedin.com/jobs/view/10214-%E2%80%93-google-cloud-engineer-at-hyundai-autoever-america-3470510036?refId=TqWFUQfdd%2Feww4PinS6DOg%3D%3D&trackingId=z67wR7aOj2tFu0EX4VjG4Q%3D%3D&position=20&pageNum=14&trk=public_jobs_jserp-result_search-card
129,Cloud Engineer,Cloud Network and Infrastructure Engineer,eGain Corporation,"Sunnyvale, CA",https://www.linkedin.com/jobs/view/cloud-network-and-infrastructure-engineer-at-egain-corporation-3450517442?refId=TqWFUQfdd%2Feww4PinS6DOg%3D%3D&trackingId=JbkvMbeHDzd%2B2lU0qDuqig%3D%3D&position=22&pageNum=14&trk=public_jobs_jserp-result_search-card
130,Cloud Engineer,Senior Cloud Engineer - AWS,Granite Construction,"Watsonville, CA",https://www.linkedin.com/jobs/view/senior-cloud-engineer-aws-at-granite-construction-3345901669?refId=TqWFUQfdd%2Feww4PinS6DOg%3D%3D&trackingId=3M2nVS%2Fsz%2BpMOp9P9D4JXA%3D%3D&position=24&pageNum=14&trk=public_jobs_jserp-result_search-card
131,Cloud Engineer,Cloud Security Engineer,RED SKY Consulting,"Dublin, CA",https://www.linkedin.com/jobs/view/cloud-security-engineer-at-red-sky-consulting-3456563542?refId=n8zWxFdHxReEMyMIkcCtBQ%3D%3D&trackingId=0bsDW2z7zwQ1Lzr%2BiyAyZA%3D%3D&position=3&pageNum=15&trk=public_jobs_jserp-result_search-card
132,Cloud Engineer,Cloud Infrastructure Engineer,forhyre.com,"Sunnyvale, CA",https://www.linkedin.com/jobs/view/cloud-infrastructure-engineer-at-forhyre-com-3339028732?refId=n8zWxFdHxReEMyMIkcCtBQ%3D%3D&trackingId=ABJwlyPw6OLcGKpWB16NEQ%3D%3D&position=4&pageNum=15&trk=public_jobs_jserp-result_search-card
133,Cloud Engineer,Senior Cloud Infrastructure Engineer,Tread,"San Francisco, CA",https://www.linkedin.com/jobs/view/senior-cloud-infrastructure-engineer-at-tread-3468515429?refId=n8zWxFdHxReEMyMIkcCtBQ%3D%3D&trackingId=uOuSn4Lc1DMkwexqmKYVRg%3D%3D&position=12&pageNum=15&trk=public_jobs_jserp-result_search-card
134,Cloud Engineer,Cloud Engineer (ServiceNOW),ClifyX,"San Ramon, CA",https://www.linkedin.com/jobs/view/cloud-engineer-servicenow-at-clifyx-3349155744?refId=n8zWxFdHxReEMyMIkcCtBQ%3D%3D&trackingId=z4EWSCd7Zex2XK%2B7RgiWTQ%3D%3D&position=23&pageNum=15&trk=public_jobs_jserp-result_search-card
135,Cloud Engineer,AWS Data Cloud Engineer (Remote),Proticom,"Fort Irwin, CA",https://www.linkedin.com/jobs/view/aws-data-cloud-engineer-remote-at-proticom-3409578850?refId=WKrfk2lU2PSBF%2BPeiMFXgg%3D%3D&trackingId=LppnuTFwO6KCoZvL0aTV5A%3D%3D&position=19&pageNum=16&trk=public_jobs_jserp-result_search-card
136,Cloud Engineer,Cloud Data Engineer,Alludo,"California, United States",https://www.linkedin.com/jobs/view/cloud-data-engineer-at-alludo-3433424031?refId=hneoz3gy8jqX8S3XDuecaA%3D%3D&trackingId=dbxNt0xHI90HnUKyac2u4A%3D%3D&position=5&pageNum=17&trk=public_jobs_jserp-result_search-card
137,Cloud Engineer,Cloud Network Test - Senior Software Engineer,"Arrcus, Inc.","San Jose, CA",https://www.linkedin.com/jobs/view/cloud-network-test-senior-software-engineer-at-arrcus-inc-3472663969?refId=hneoz3gy8jqX8S3XDuecaA%3D%3D&trackingId=nRMjqtB1v%2BsdD0xGRH2mKA%3D%3D&position=12&pageNum=17&trk=public_jobs_jserp-result_search-card
138,Cloud Engineer,Senior Software Engineer - Cloud Team,Alation,"Redwood City, CA",https://www.linkedin.com/jobs/view/senior-software-engineer-cloud-team-at-alation-3428231013?refId=hneoz3gy8jqX8S3XDuecaA%3D%3D&trackingId=KZOVUyfS5Mlua6h4sHoEHg%3D%3D&position=19&pageNum=17&trk=public_jobs_jserp-result_search-card
139,Cloud Engineer,Senior Consultant Cloud Infrastructure Engineer,Neudesic,"Irvine, CA",https://www.linkedin.com/jobs/view/senior-consultant-cloud-infrastructure-engineer-at-neudesic-3431731210?refId=7C5q7%2BwmjGfMMCNUHzUJLA%3D%3D&trackingId=14JYKzKJUlNsRxGzETSqxw%3D%3D&position=4&pageNum=18&trk=public_jobs_jserp-result_search-card
140,Cloud Engineer,Cloud Data Engineer,E-Solutions,"Cupertino, CA",https://www.linkedin.com/jobs/view/cloud-data-engineer-at-e-solutions-3483128689?refId=7C5q7%2BwmjGfMMCNUHzUJLA%3D%3D&trackingId=8GUJYBmobHypdO3YrwQFfA%3D%3D&position=13&pageNum=18&trk=public_jobs_jserp-result_search-card
141,Cloud Engineer,ON-SITE/ Cloud Data Engineer,My3Tech,"Cupertino, CA",https://www.linkedin.com/jobs/view/on-site-cloud-data-engineer-at-my3tech-3468319732?refId=7C5q7%2BwmjGfMMCNUHzUJLA%3D%3D&trackingId=gRTSIfJy3DAb9C68IY7wrQ%3D%3D&position=14&pageNum=18&trk=public_jobs_jserp-result_search-card
142,Cloud Engineer,"DevOps Engineer - Strong scripting, python or go, Any cloud AWS or Azure  - San Jose, Austin, Denver/Boulder, Seattle","Intelliswift Software, Inc.","California, United States",https://www.linkedin.com/jobs/view/devops-engineer-strong-scripting-python-or-go-any-cloud-aws-or-azure-san-jose-austin-denver-boulder-seattle-at-intelliswift-software-inc-3041363860?refId=VyjkBqy%2FizU7zv1HQANgJw%3D%3D&trackingId=CAzwIozofm%2FL8yVpAGPDIQ%3D%3D&position=1&pageNum=19&trk=public_jobs_jserp-result_search-card
143,Cloud Engineer,Cloud Data Engineer,Alludo,"California, United States",https://www.linkedin.com/jobs/view/cloud-data-engineer-at-alludo-3433424031?refId=VyjkBqy%2FizU7zv1HQANgJw%3D%3D&trackingId=4aP4oEhLjXreelXjQcDg%2BQ%3D%3D&position=3&pageNum=19&trk=public_jobs_jserp-result_search-card
144,Cloud Engineer,Software Engineer - Cloud Infrastructure,Verkada,"San Mateo, CA",https://www.linkedin.com/jobs/view/software-engineer-cloud-infrastructure-at-verkada-3143816748?refId=VyjkBqy%2FizU7zv1HQANgJw%3D%3D&trackingId=lGku3xRfZD2W6ISc3xsY4g%3D%3D&position=9&pageNum=19&trk=public_jobs_jserp-result_search-card
145,Cloud Engineer,Cloud Security Engineer,Diverse Lynx,"San Jose, CA",https://www.linkedin.com/jobs/view/cloud-security-engineer-at-diverse-lynx-3485715847?refId=VyjkBqy%2FizU7zv1HQANgJw%3D%3D&trackingId=RFvJquQU8Dg9KUEm2AMo%2FA%3D%3D&position=14&pageNum=19&trk=public_jobs_jserp-result_search-card
146,Cloud Engineer,"Software Engineer, Cloud and Backend",ThoughtForge,"Berkeley, CA",https://www.linkedin.com/jobs/view/software-engineer-cloud-and-backend-at-thoughtforge-3460209990?refId=VyjkBqy%2FizU7zv1HQANgJw%3D%3D&trackingId=GikyniSCDqTUmg8XnreL%2BQ%3D%3D&position=16&pageNum=19&trk=public_jobs_jserp-result_search-card
147,Cloud Engineer,Cloud Network Engineer,Diverse Lynx,"Mountain View, CA",https://www.linkedin.com/jobs/view/cloud-network-engineer-at-diverse-lynx-3484164005?refId=VyjkBqy%2FizU7zv1HQANgJw%3D%3D&trackingId=X%2BQ6A9wn3sBn2BOQWKERmQ%3D%3D&position=17&pageNum=19&trk=public_jobs_jserp-result_search-card
148,Cloud Engineer,"DevOps Cloud Engineer | San Diego, CA | Full Time",Mamsys World,"San Diego, CA",https://www.linkedin.com/jobs/view/devops-cloud-engineer-san-diego-ca-full-time-at-mamsys-world-3483735557?refId=hrS79r2tPdCrwi0Gg8%2BQ%2Bg%3D%3D&trackingId=c4Z0svHEMnFNrDaoT2%2F2Ug%3D%3D&position=7&pageNum=20&trk=public_jobs_jserp-result_search-card
149,Cloud Engineer,Cloud Network Engineer,Microsoft,"California, United States",https://www.linkedin.com/jobs/view/cloud-network-engineer-at-microsoft-3470777228?refId=hrS79r2tPdCrwi0Gg8%2BQ%2Bg%3D%3D&trackingId=JopilVh5WaGyeG0j1XSvuA%3D%3D&position=12&pageNum=20&trk=public_jobs_jserp-result_search-card
150,Cloud Engineer,Cloud Engineer,GDH,"Milpitas, CA",https://www.linkedin.com/jobs/view/cloud-engineer-at-gdh-3479689380?refId=hrS79r2tPdCrwi0Gg8%2BQ%2Bg%3D%3D&trackingId=AobXwJR7Oap3kPso9fbdRw%3D%3D&position=17&pageNum=20&trk=public_jobs_jserp-result_search-card
151,Cloud Engineer,Cloud Software Systems Engineer IV,NASA Jet Propulsion Laboratory,"Pasadena, CA",https://www.linkedin.com/jobs/view/cloud-software-systems-engineer-iv-at-nasa-jet-propulsion-laboratory-3427531223?refId=hrS79r2tPdCrwi0Gg8%2BQ%2Bg%3D%3D&trackingId=wmy2hyn9vO7%2B5tm3TmZ%2FuQ%3D%3D&position=18&pageNum=20&trk=public_jobs_jserp-result_search-card
152,Cloud Engineer,Senior Cloud Security Engineer,Signature Consultants,"Lake Forest, CA",https://www.linkedin.com/jobs/view/senior-cloud-security-engineer-at-signature-consultants-3466084988?refId=hrS79r2tPdCrwi0Gg8%2BQ%2Bg%3D%3D&trackingId=wIapmmtmvj12WIF8frPjAQ%3D%3D&position=22&pageNum=20&trk=public_jobs_jserp-result_search-card
153,Cloud Engineer,"DevOps Cloud Engineer | San Diego, CA | Full Time",Mamsys World,"San Diego, CA",https://www.linkedin.com/jobs/view/devops-cloud-engineer-san-diego-ca-full-time-at-mamsys-world-3483735557?refId=Hf4Mubd4BKCnnE07poNhCg%3D%3D&trackingId=plFVu6ZGGQ60NWSft%2Ff9Og%3D%3D&position=2&pageNum=21&trk=public_jobs_jserp-result_search-card
154,Cloud Engineer,Associate Cloud Engineer,Jobot,"Los Angeles, CA",https://www.linkedin.com/jobs/view/associate-cloud-engineer-at-jobot-3484466300?refId=Hf4Mubd4BKCnnE07poNhCg%3D%3D&trackingId=9SNE899wE6YNMNvdiTxynQ%3D%3D&position=5&pageNum=21&trk=public_jobs_jserp-result_search-card
155,Cloud Engineer,Cloud Network Engineer,Microsoft,"California, United States",https://www.linkedin.com/jobs/view/cloud-network-engineer-at-microsoft-3470777228?refId=Hf4Mubd4BKCnnE07poNhCg%3D%3D&trackingId=JV5N4EN4dVpq9vII%2BBKi7w%3D%3D&position=7&pageNum=21&trk=public_jobs_jserp-result_search-card
156,Cloud Engineer,Cloud Engineer,GDH,"Milpitas, CA",https://www.linkedin.com/jobs/view/cloud-engineer-at-gdh-3479689380?refId=Hf4Mubd4BKCnnE07poNhCg%3D%3D&trackingId=LdzsoS4XCIeoUNRY7K4r2Q%3D%3D&position=12&pageNum=21&trk=public_jobs_jserp-result_search-card
157,Cloud Engineer,Cloud Software Systems Engineer IV,NASA Jet Propulsion Laboratory,"Pasadena, CA",https://www.linkedin.com/jobs/view/cloud-software-systems-engineer-iv-at-nasa-jet-propulsion-laboratory-3427531223?refId=Hf4Mubd4BKCnnE07poNhCg%3D%3D&trackingId=%2Fk9BJJfevl%2Betfn4Dz6rkA%3D%3D&position=13&pageNum=21&trk=public_jobs_jserp-result_search-card
158,Cloud Engineer,Senior Cloud Security Engineer,Signature Consultants,"Lake Forest, CA",https://www.linkedin.com/jobs/view/senior-cloud-security-engineer-at-signature-consultants-3466084988?refId=Hf4Mubd4BKCnnE07poNhCg%3D%3D&trackingId=M01T9%2FGRxXVApxKB2DudTQ%3D%3D&position=17&pageNum=21&trk=public_jobs_jserp-result_search-card
159,Cloud Engineer,"Software Engineer, Cloud Infrastructure",Grammarly,"California, United States",https://www.linkedin.com/jobs/view/software-engineer-cloud-infrastructure-at-grammarly-3384160018?refId=Hf4Mubd4BKCnnE07poNhCg%3D%3D&trackingId=mf%2Fy03HNYyStND9DKNNHaQ%3D%3D&position=21&pageNum=21&trk=public_jobs_jserp-result_search-card
160,Cloud Engineer,Senior Cloud Security Engineer,Code Red Partners,Los Angeles Metropolitan Area,https://www.linkedin.com/jobs/view/senior-cloud-security-engineer-at-code-red-partners-3433456313?refId=Hf4Mubd4BKCnnE07poNhCg%3D%3D&trackingId=v%2BPpZrIfAVbJrMqy4Y1a7A%3D%3D&position=23&pageNum=21&trk=public_jobs_jserp-result_search-card
161,Cloud Engineer,GCP Cloud Development Engineer,"Tanisha Systems, Inc","San Bruno, CA",https://www.linkedin.com/jobs/view/gcp-cloud-development-engineer-at-tanisha-systems-inc-3481046836?refId=8D345f9rByeppSS8zuAUjA%3D%3D&trackingId=vzTm6UVRj8sl2aVIvAwjog%3D%3D&position=3&pageNum=22&trk=public_jobs_jserp-result_search-card
162,Cloud Engineer,Principal Cloud Security Engineer,CyberSN,San Francisco Bay Area,https://www.linkedin.com/jobs/view/principal-cloud-security-engineer-at-cybersn-3464960969?refId=8D345f9rByeppSS8zuAUjA%3D%3D&trackingId=36Fdp%2BGD%2BMNnyb61hkKIpQ%3D%3D&position=8&pageNum=22&trk=public_jobs_jserp-result_search-card
163,Cloud Engineer,Sr. Cloud Infrastructure Engineer,23andMe,"Sunnyvale, CA",https://www.linkedin.com/jobs/view/sr-cloud-infrastructure-engineer-at-23andme-3409560924?refId=8D345f9rByeppSS8zuAUjA%3D%3D&trackingId=GwBIwneIlLXjkuGGopdtJA%3D%3D&position=12&pageNum=22&trk=public_jobs_jserp-result_search-card
164,Cloud Engineer,Cloud Service Reliability Engineer,forhyre.com,"San Francisco County, CA",https://www.linkedin.com/jobs/view/cloud-service-reliability-engineer-at-forhyre-com-3477385804?refId=8D345f9rByeppSS8zuAUjA%3D%3D&trackingId=wABSf9mdqznGuI1nJofRJQ%3D%3D&position=13&pageNum=22&trk=public_jobs_jserp-result_search-card
165,Cloud Engineer,Cloud Service Reliability Engineer,forhyre.com,"San Francisco County, CA",https://www.linkedin.com/jobs/view/cloud-service-reliability-engineer-at-forhyre-com-3477384778?refId=8D345f9rByeppSS8zuAUjA%3D%3D&trackingId=YBVulriwLpix%2FlRDTD%2BG9w%3D%3D&position=14&pageNum=22&trk=public_jobs_jserp-result_search-card
166,Cloud Engineer,Senior Cloud Engineer - Azure,CyberCoders,"Irvine, CA",https://www.linkedin.com/jobs/view/senior-cloud-engineer-azure-at-cybercoders-3471877347?refId=8D345f9rByeppSS8zuAUjA%3D%3D&trackingId=U6GtETb4kASfRLeKK5PSXA%3D%3D&position=16&pageNum=22&trk=public_jobs_jserp-result_search-card
167,Cloud Engineer,Cloud Site Reliability Engineer,Zenex Partners,"San Mateo, CA",https://www.linkedin.com/jobs/view/cloud-site-reliability-engineer-at-zenex-partners-3415240570?refId=8D345f9rByeppSS8zuAUjA%3D%3D&trackingId=mFKbsLyrWy%2BHpJe85qhajw%3D%3D&position=18&pageNum=22&trk=public_jobs_jserp-result_search-card
168,Cloud Engineer,Cloud Senior Software Engineer,Cisco,"San Jose, CA",https://www.linkedin.com/jobs/view/cloud-senior-software-engineer-at-cisco-3464984898?refId=8D345f9rByeppSS8zuAUjA%3D%3D&trackingId=%2BxO%2FQvhU%2FRescG7TVhD5gw%3D%3D&position=21&pageNum=22&trk=public_jobs_jserp-result_search-card
169,Cloud Engineer,Cloud Security Engineer,Verkada,"San Mateo, CA",https://www.linkedin.com/jobs/view/cloud-security-engineer-at-verkada-3067371412?refId=8D345f9rByeppSS8zuAUjA%3D%3D&trackingId=YQpOx6L%2Bfdg1%2FEWwFTJXVQ%3D%3D&position=22&pageNum=22&trk=public_jobs_jserp-result_search-card
170,Cloud Engineer,"Cloud Network Engineer, FedRAMP (Must be US Citizen)",Palo Alto Networks,"Santa Clara, CA",https://www.linkedin.com/jobs/view/cloud-network-engineer-fedramp-must-be-us-citizen-at-palo-alto-networks-3485954974?refId=8D345f9rByeppSS8zuAUjA%3D%3D&trackingId=6mfDS9Ncjom8pPBqUFpWgQ%3D%3D&position=23&pageNum=22&trk=public_jobs_jserp-result_search-card
171,Cloud Engineer,AI Cloud Platform and Infrastructure Engineer,Modular,"San Jose, CA",https://www.linkedin.com/jobs/view/ai-cloud-platform-and-infrastructure-engineer-at-modular-3481036078?refId=kcFA68tYmPLvtFTBwEGltw%3D%3D&trackingId=TLlnpxB9sbjRbHbKFbGZTQ%3D%3D&position=3&pageNum=23&trk=public_jobs_jserp-result_search-card
172,Cloud Engineer,Cloud Service Reliability Engineer,forhyre.com,"Los Angeles County, CA",https://www.linkedin.com/jobs/view/cloud-service-reliability-engineer-at-forhyre-com-3476983298?refId=kcFA68tYmPLvtFTBwEGltw%3D%3D&trackingId=Ry1lmGVnf9hocBgAXUar2w%3D%3D&position=5&pageNum=23&trk=public_jobs_jserp-result_search-card
173,Cloud Engineer,"Cloud Engineer, Senior",Blue Shield of California,"Oakland, CA",https://www.linkedin.com/jobs/view/cloud-engineer-senior-at-blue-shield-of-california-3388937325?refId=kcFA68tYmPLvtFTBwEGltw%3D%3D&trackingId=7taGq0nYYAq7rrcvyWbyTQ%3D%3D&position=10&pageNum=23&trk=public_jobs_jserp-result_search-card
174,Cloud Engineer,Principal Cloud Security Engineer,"Tarana Wireless, Inc.",San Francisco Bay Area,https://www.linkedin.com/jobs/view/principal-cloud-security-engineer-at-tarana-wireless-inc-3438326519?refId=kcFA68tYmPLvtFTBwEGltw%3D%3D&trackingId=DWiyRmg4vZ7EchlNly88Iw%3D%3D&position=11&pageNum=23&trk=public_jobs_jserp-result_search-card
175,Cloud Engineer,Senior Cloud Engineer,Sony Pictures Entertainment,"Culver City, CA",https://www.linkedin.com/jobs/view/senior-cloud-engineer-at-sony-pictures-entertainment-3431977745?refId=kcFA68tYmPLvtFTBwEGltw%3D%3D&trackingId=aU4MFeUHRQu%2B5OBR6V2bJA%3D%3D&position=17&pageNum=23&trk=public_jobs_jserp-result_search-card
176,Cloud Engineer,Cloud Data Analytics Engineer,BDO RISE Private Limited,"Los Angeles, CA",https://www.linkedin.com/jobs/view/cloud-data-analytics-engineer-at-bdo-rise-private-limited-3471235756?refId=6fNp4SoQM3O5DrrdluhJBA%3D%3D&trackingId=0a3mwXBBAh4Srbagx4ryWw%3D%3D&position=2&pageNum=24&trk=public_jobs_jserp-result_search-card
177,Cloud Engineer,Cloud Service Reliability Engineer,forhyre.com,"Los Angeles County, CA",https://www.linkedin.com/jobs/view/cloud-service-reliability-engineer-at-forhyre-com-3476983298?refId=6fNp4SoQM3O5DrrdluhJBA%3D%3D&trackingId=4hcwyc%2F7oiqAglqKzEX6Tg%3D%3D&position=3&pageNum=24&trk=public_jobs_jserp-result_search-card
178,Cloud Engineer,"Cloud Engineer, Senior",Blue Shield of California,"Oakland, CA",https://www.linkedin.com/jobs/view/cloud-engineer-senior-at-blue-shield-of-california-3388937325?refId=6fNp4SoQM3O5DrrdluhJBA%3D%3D&trackingId=3y7GgOIdBUJs5BtRxwUF5w%3D%3D&position=6&pageNum=24&trk=public_jobs_jserp-result_search-card
179,Cloud Engineer,Principal Cloud Security Engineer,"Tarana Wireless, Inc.",San Francisco Bay Area,https://www.linkedin.com/jobs/view/principal-cloud-security-engineer-at-tarana-wireless-inc-3438326519?refId=6fNp4SoQM3O5DrrdluhJBA%3D%3D&trackingId=4C6BTm4UHm%2FBWwEl8oLMbg%3D%3D&position=7&pageNum=24&trk=public_jobs_jserp-result_search-card
180,Cloud Engineer,Senior Cloud Engineer,Sony Pictures Entertainment,"Culver City, CA",https://www.linkedin.com/jobs/view/senior-cloud-engineer-at-sony-pictures-entertainment-3431977745?refId=6fNp4SoQM3O5DrrdluhJBA%3D%3D&trackingId=WzMJ1sfK4%2FfpkEavKmlDSQ%3D%3D&position=13&pageNum=24&trk=public_jobs_jserp-result_search-card
181,Cloud Engineer,Cloud Data Engineer,Diverse Lynx,"San Jose, CA",https://www.linkedin.com/jobs/view/cloud-data-engineer-at-diverse-lynx-3485697272?refId=6fNp4SoQM3O5DrrdluhJBA%3D%3D&trackingId=2c5mDoNPJP3XX2Pzy9yCAg%3D%3D&position=24&pageNum=24&trk=public_jobs_jserp-result_search-card
182,Cloud Engineer,Sr. Cloud Database Engineer,GRIN,"Sacramento, CA",https://www.linkedin.com/jobs/view/sr-cloud-database-engineer-at-grin-3470055690?refId=QbQx7P1fol7A6AzcLA4CKA%3D%3D&trackingId=f5mPr7IC7qh3%2BQ3rkVoBSQ%3D%3D&position=7&pageNum=25&trk=public_jobs_jserp-result_search-card
183,Cloud Engineer,AI Cloud Platform and Infrastructure Engineer,Modular,"San Jose, CA",https://www.linkedin.com/jobs/view/ai-cloud-platform-and-infrastructure-engineer-at-modular-3481036078?refId=QbQx7P1fol7A6AzcLA4CKA%3D%3D&trackingId=KkT2icF%2FhqD%2Fqwp%2BW7FwjQ%3D%3D&position=12&pageNum=25&trk=public_jobs_jserp-result_search-card
184,Cloud Engineer,"Cloud Engineer, Cloud Infrastructure, California College Guidance Initiative",Foundation for California Community Colleges,"California, United States",https://www.linkedin.com/jobs/view/cloud-engineer-cloud-infrastructure-california-college-guidance-initiative-at-foundation-for-california-community-colleges-3474092905?refId=QbQx7P1fol7A6AzcLA4CKA%3D%3D&trackingId=TjvCMilbLStjPclr02TjQg%3D%3D&position=18&pageNum=25&trk=public_jobs_jserp-result_search-card
185,Cloud Engineer,Cloud Engineer,Deckers Brands,"Anaheim, CA",https://www.linkedin.com/jobs/view/cloud-engineer-at-deckers-brands-3438954256?refId=Ugg48tzvyKwR7yCBr8SlOA%3D%3D&trackingId=PV1kH4dbmoWk7WY0P3nr9Q%3D%3D&position=3&pageNum=26&trk=public_jobs_jserp-result_search-card
186,Cloud Engineer,Relocate to Malta Cloud Software Engineer (Consulting/Big 4),Black Pen Recruitment,"San Francisco, CA",https://www.linkedin.com/jobs/view/relocate-to-malta-cloud-software-engineer-consulting-big-4-at-black-pen-recruitment-3462088292?refId=Ugg48tzvyKwR7yCBr8SlOA%3D%3D&trackingId=kxTiIDDZrjTchiKAGNpP%2BQ%3D%3D&position=17&pageNum=26&trk=public_jobs_jserp-result_search-card
187,Cloud Engineer,Cloud Engineer (Infrastructure),CalOptima,"Orange, CA",https://www.linkedin.com/jobs/view/cloud-engineer-infrastructure-at-caloptima-3485955740?refId=Yfdy4aSUqwBUeKMryOB%2FEg%3D%3D&trackingId=j4Er6bL8QAql4hXVVDvw2Q%3D%3D&position=2&pageNum=27&trk=public_jobs_jserp-result_search-card
188,Cloud Engineer,Staff Cloud Security Services Engineer,Palo Alto Networks,"Santa Clara, CA",https://www.linkedin.com/jobs/view/staff-cloud-security-services-engineer-at-palo-alto-networks-3425574084?refId=Dm7HLR0CavcqjTF3gCOdRg%3D%3D&trackingId=P8FU6o19cTGGN69Beb2PRQ%3D%3D&position=5&pageNum=28&trk=public_jobs_jserp-result_search-card
189,Cloud Engineer,Cloud Security Engineer,SimplePractice,"Santa Monica, CA",https://www.linkedin.com/jobs/view/cloud-security-engineer-at-simplepractice-3445228913?refId=Dm7HLR0CavcqjTF3gCOdRg%3D%3D&trackingId=ASiSQuV4UNFr1qdNHaupVA%3D%3D&position=8&pageNum=28&trk=public_jobs_jserp-result_search-card
190,Cloud Engineer,Cloud Engineer,Deckers Brands,"Long Beach, CA",https://www.linkedin.com/jobs/view/cloud-engineer-at-deckers-brands-3438956020?refId=Dm7HLR0CavcqjTF3gCOdRg%3D%3D&trackingId=9EYMu49q5wcFpMZvdb636w%3D%3D&position=23&pageNum=28&trk=public_jobs_jserp-result_search-card
191,Cloud Engineer,Cloud Engineer,Brandes Associates Inc.,"Ventura County, CA",https://www.linkedin.com/jobs/view/cloud-engineer-at-brandes-associates-inc-3480553587?refId=uh2BphxYkX5sSe18dLF6Kg%3D%3D&trackingId=rAekpJTu6ICOmTBI4EmVyQ%3D%3D&position=3&pageNum=29&trk=public_jobs_jserp-result_search-card
192,Cloud Engineer,Cloud Engineer (Infrastructure),CalOptima,"Orange, CA",https://www.linkedin.com/jobs/view/cloud-engineer-infrastructure-at-caloptima-3485955740?refId=uh2BphxYkX5sSe18dLF6Kg%3D%3D&trackingId=wKH1jhour38CroO3pHCSXA%3D%3D&position=15&pageNum=29&trk=public_jobs_jserp-result_search-card
193,Cloud Engineer,Lead Cloud Engineer (Remote),Cisco Meraki,"San Francisco, CA",https://www.linkedin.com/jobs/view/lead-cloud-engineer-remote-at-cisco-meraki-3447167323?refId=V2IO%2Fd6SawtL8FUHB6hEgQ%3D%3D&trackingId=EyV%2BX%2FGYn1yusF7KCRzk4A%3D%3D&position=2&pageNum=30&trk=public_jobs_jserp-result_search-card
194,Cloud Engineer,Senior Software Engineer - Hybrid Cloud - ACS,Apple,"Cupertino, CA",https://www.linkedin.com/jobs/view/senior-software-engineer-hybrid-cloud-acs-at-apple-3186512989?refId=V2IO%2Fd6SawtL8FUHB6hEgQ%3D%3D&trackingId=HtfoUZSAY6M9kUbDLQ7PQQ%3D%3D&position=4&pageNum=30&trk=public_jobs_jserp-result_search-card
195,Cloud Engineer,GCP Cloud Engineer,Teamware Solutions a division of Quantum Leap Consulting Pvt. Ltd,"San Jose, CA",https://www.linkedin.com/jobs/view/gcp-cloud-engineer-at-teamware-solutions-a-division-of-quantum-leap-consulting-pvt-ltd-3482502948?refId=V2IO%2Fd6SawtL8FUHB6hEgQ%3D%3D&trackingId=EdZewPoYHMplhC7lB0zKOQ%3D%3D&position=5&pageNum=30&trk=public_jobs_jserp-result_search-card
196,Cloud Engineer,Sr. Cloud Infrastructure DevOps Engineer,"Sonos, Inc.","San Diego, CA",https://www.linkedin.com/jobs/view/sr-cloud-infrastructure-devops-engineer-at-sonos-inc-3461231455?refId=V2IO%2Fd6SawtL8FUHB6hEgQ%3D%3D&trackingId=5Q7tOw2mIBVzAjSJ24f5Vw%3D%3D&position=7&pageNum=30&trk=public_jobs_jserp-result_search-card
197,Cloud Engineer,Sr. Cloud Infrastructure DevOps Engineer,"Sonos, Inc.","Santa Barbara, CA",https://www.linkedin.com/jobs/view/sr-cloud-infrastructure-devops-engineer-at-sonos-inc-3461230504?refId=V2IO%2Fd6SawtL8FUHB6hEgQ%3D%3D&trackingId=7t2MhKeBvrcqmqBKNciqWA%3D%3D&position=13&pageNum=30&trk=public_jobs_jserp-result_search-card
198,Cloud Engineer,Cloud Solutions Engineer (Pre-Sales) - Remote,EVOTEK,"Los Angeles, CA",https://www.linkedin.com/jobs/view/cloud-solutions-engineer-pre-sales-remote-at-evotek-3439914157?refId=V2IO%2Fd6SawtL8FUHB6hEgQ%3D%3D&trackingId=sb%2F%2FGPFUlawXE3ly6yrPyQ%3D%3D&position=23&pageNum=30&trk=public_jobs_jserp-result_search-card
199,Cloud Engineer,Cloud Network Engineer,Diverse Lynx,"Pleasanton, CA",https://www.linkedin.com/jobs/view/cloud-network-engineer-at-diverse-lynx-3475410767?refId=V2IO%2Fd6SawtL8FUHB6hEgQ%3D%3D&trackingId=0TX7htuVZRWK%2F5UHFXg6IQ%3D%3D&position=25&pageNum=30&trk=public_jobs_jserp-result_search-card
200,Cloud Engineer,Cloud Network Engineer,Diverse Lynx,"Pleasanton, CA",https://www.linkedin.com/jobs/view/cloud-network-engineer-at-diverse-lynx-3475410767?refId=Ba5MK4%2FsP1huhmMEDUiffQ%3D%3D&trackingId=pXAl%2BaUdm2m0vZT%2BZF6Y4w%3D%3D&position=7&pageNum=31&trk=public_jobs_jserp-result_search-card
201,Cloud Engineer,"CICD/ cloud engineer Experts in Kubernetes(Sunnyvale, CA and Austin, TX)",Diverse Lynx,"Sunnyvale, CA",https://www.linkedin.com/jobs/view/cicd-cloud-engineer-experts-in-kubernetes-sunnyvale-ca-and-austin-tx-at-diverse-lynx-3485731447?refId=Ba5MK4%2FsP1huhmMEDUiffQ%3D%3D&trackingId=NgcN%2BfSvejIQR%2FZpmEHQAw%3D%3D&position=12&pageNum=31&trk=public_jobs_jserp-result_search-card
202,Cloud Engineer,Cloud Security Engineer,Zwift,"Long Beach, CA",https://www.linkedin.com/jobs/view/cloud-security-engineer-at-zwift-3191009986?refId=Ba5MK4%2FsP1huhmMEDUiffQ%3D%3D&trackingId=pfrE30xJK1CLEvJ1%2BXuFQA%3D%3D&position=22&pageNum=31&trk=public_jobs_jserp-result_search-card
203,Cloud Engineer,Senior Cloud Platform Engineer,Abbott,"San Diego, CA",https://www.linkedin.com/jobs/view/senior-cloud-platform-engineer-at-abbott-3333696679?refId=4k%2Fgh5eVuSuDTCDTMyp2%2BQ%3D%3D&trackingId=xjn2nRbrassViLq6zlocuQ%3D%3D&position=3&pageNum=32&trk=public_jobs_jserp-result_search-card
204,Cloud Engineer,Cloud Security Engineer,ClifyX,"California, United States",https://www.linkedin.com/jobs/view/cloud-security-engineer-at-clifyx-3349157996?refId=4k%2Fgh5eVuSuDTCDTMyp2%2BQ%3D%3D&trackingId=3pLC3m0VsFp%2FfLKjQNR8Wg%3D%3D&position=4&pageNum=32&trk=public_jobs_jserp-result_search-card
205,Cloud Engineer,Software Engineer - Cloud Platform,MosaicML,"San Francisco, CA",https://www.linkedin.com/jobs/view/software-engineer-cloud-platform-at-mosaicml-3273327954?refId=4k%2Fgh5eVuSuDTCDTMyp2%2BQ%3D%3D&trackingId=Ta8mTKM%2F0cutFT6%2FygCYLg%3D%3D&position=12&pageNum=32&trk=public_jobs_jserp-result_search-card
206,Cloud Engineer,"Cloud Security Engineer, Azure & MS365 - Freelance [Remote]",Braintrust,"San Francisco, CA",https://www.linkedin.com/jobs/view/cloud-security-engineer-azure-ms365-freelance-remote-at-braintrust-3487931909?refId=4k%2Fgh5eVuSuDTCDTMyp2%2BQ%3D%3D&trackingId=RK6cZqUKs8AJ7yb9IuU5DQ%3D%3D&position=13&pageNum=32&trk=public_jobs_jserp-result_search-card
207,Cloud Engineer,Public Cloud DevOps Engineer,Diverse Lynx,"San Jose, CA",https://www.linkedin.com/jobs/view/public-cloud-devops-engineer-at-diverse-lynx-3485757868?refId=4k%2Fgh5eVuSuDTCDTMyp2%2BQ%3D%3D&trackingId=lDRHsq4WEqgeR7Lo397OBA%3D%3D&position=18&pageNum=32&trk=public_jobs_jserp-result_search-card
208,Cloud Engineer,"Software Engineer, University Graduate (Cloud Native Infrastructure) - 2023 Start (BS/MS)",TikTok,"Mountain View, CA",https://www.linkedin.com/jobs/view/software-engineer-university-graduate-cloud-native-infrastructure-2023-start-bs-ms-at-tiktok-3272184301?refId=4k%2Fgh5eVuSuDTCDTMyp2%2BQ%3D%3D&trackingId=QaV9OEXEomuNmP1aLNCSnQ%3D%3D&position=22&pageNum=32&trk=public_jobs_jserp-result_search-card
209,Cloud Engineer,Cloud Software Engineer,Yellowbrick Data,"Mountain View, CA",https://www.linkedin.com/jobs/view/cloud-software-engineer-at-yellowbrick-data-3446000025?refId=4k%2Fgh5eVuSuDTCDTMyp2%2BQ%3D%3D&trackingId=%2BMckR9FSVaM7AYcEdTHDCA%3D%3D&position=25&pageNum=32&trk=public_jobs_jserp-result_search-card
210,Cloud Engineer,Senior Cloud Software Engineer,Cisco,"San Jose, CA",https://www.linkedin.com/jobs/view/senior-cloud-software-engineer-at-cisco-3481783365?refId=NVDk3B0qd6nnEd1Zm54Xyw%3D%3D&trackingId=6ddmIIVR9qcYC%2BLcF4cqjA%3D%3D&position=11&pageNum=33&trk=public_jobs_jserp-result_search-card
211,Cloud Engineer,Senior AWS Cloud Infrastructure Engineer,BILL,"San Jose, CA",https://www.linkedin.com/jobs/view/senior-aws-cloud-infrastructure-engineer-at-bill-3389019416?refId=NVDk3B0qd6nnEd1Zm54Xyw%3D%3D&trackingId=L6n4hKXSOTSWu4hNtGAHOg%3D%3D&position=22&pageNum=33&trk=public_jobs_jserp-result_search-card
212,Cloud Engineer,Azure Cloud Engineer,Diverse Lynx,"Pleasanton, CA",https://www.linkedin.com/jobs/view/azure-cloud-engineer-at-diverse-lynx-3484153395?refId=NVDk3B0qd6nnEd1Zm54Xyw%3D%3D&trackingId=%2F%2Fh%2FOSH%2BBey6FE%2BqxihZFA%3D%3D&position=24&pageNum=33&trk=public_jobs_jserp-result_search-card
213,Cloud Engineer,Senior Cloud Engineer,TIAA,"San Francisco, CA",https://www.linkedin.com/jobs/view/senior-cloud-engineer-at-tiaa-3469877631?refId=Kbvzv9zPLEipQTLgvak%2BGg%3D%3D&trackingId=vwJUeMrxPkjrBFZkh4VkRw%3D%3D&position=18&pageNum=34&trk=public_jobs_jserp-result_search-card
214,Cloud Engineer,Cloud Solutions Engineer (Pre-Sales) - Remote,EVOTEK,"Los Angeles, CA",https://www.linkedin.com/jobs/view/cloud-solutions-engineer-pre-sales-remote-at-evotek-3439914157?refId=Kbvzv9zPLEipQTLgvak%2BGg%3D%3D&trackingId=79qGGOKOsxzw4VMx5dcniA%3D%3D&position=23&pageNum=34&trk=public_jobs_jserp-result_search-card
215,Cloud Engineer,"Sr. Cloud Network Engineer, FedRamp (Must be US Citizen)",Palo Alto Networks,"Santa Clara, CA",https://www.linkedin.com/jobs/view/sr-cloud-network-engineer-fedramp-must-be-us-citizen-at-palo-alto-networks-3485955826?refId=Kbvzv9zPLEipQTLgvak%2BGg%3D%3D&trackingId=DWtLxBkmXwEGBnSv1IXjqw%3D%3D&position=25&pageNum=34&trk=public_jobs_jserp-result_search-card
216,Cloud Engineer,Cloud Engineer,Deckers Brands,"Goleta, CA",https://www.linkedin.com/jobs/view/cloud-engineer-at-deckers-brands-3438955144?refId=m3q%2F8oOANnAOOZt%2BhbQFVA%3D%3D&trackingId=cnTavAkS0mNNqeZ9JXgRVg%3D%3D&position=2&pageNum=35&trk=public_jobs_jserp-result_search-card
217,Cloud Engineer,Senior / Principle Cloud Engineer – Observability Platforms - Remote | WFH,Get It Recruit - Information Technology,"San Ramon, CA",https://www.linkedin.com/jobs/view/senior-principle-cloud-engineer-%E2%80%93-observability-platforms-remote-wfh-at-get-it-recruit-information-technology-3461837112?refId=m3q%2F8oOANnAOOZt%2BhbQFVA%3D%3D&trackingId=klQ0fFJH70OGFLx%2F4wM4mw%3D%3D&position=3&pageNum=35&trk=public_jobs_jserp-result_search-card
218,Cloud Engineer,Sr cloud engineer Irvine CA ref,Executive Staff Recruiters / ESR Healthcare,"Irvine, CA",https://www.linkedin.com/jobs/view/sr-cloud-engineer-irvine-ca-ref-at-executive-staff-recruiters-esr-healthcare-3484745538?refId=m3q%2F8oOANnAOOZt%2BhbQFVA%3D%3D&trackingId=Tdm9yLuJiRRJZfN71yT6iA%3D%3D&position=6&pageNum=35&trk=public_jobs_jserp-result_search-card
219,Cloud Engineer,Cloud Security Engineer,ClifyX,"California, United States",https://www.linkedin.com/jobs/view/cloud-security-engineer-at-clifyx-3349157996?refId=m3q%2F8oOANnAOOZt%2BhbQFVA%3D%3D&trackingId=jkbl%2Bsq6eO7rmNds7zeXfw%3D%3D&position=19&pageNum=35&trk=public_jobs_jserp-result_search-card
220,Cloud Engineer,"Devops Engineer with Kubernetes, Terraform and Cloud",Diverse Lynx,"Palo Alto, CA",https://www.linkedin.com/jobs/view/devops-engineer-with-kubernetes-terraform-and-cloud-at-diverse-lynx-3485768268?refId=m3q%2F8oOANnAOOZt%2BhbQFVA%3D%3D&trackingId=L3ksiRksmlaEc3XCFKxaQQ%3D%3D&position=22&pageNum=35&trk=public_jobs_jserp-result_search-card
221,Cloud Engineer,Sr cloud engineer Irvine CA ref,Executive Staff Recruiters / ESR Healthcare,"Irvine, CA",https://www.linkedin.com/jobs/view/sr-cloud-engineer-irvine-ca-ref-at-executive-staff-recruiters-esr-healthcare-3484745538?refId=V2YZxKOwicfUnkVTt3%2BUww%3D%3D&trackingId=4FBDKvpXEEGBp2G%2BkOWn6Q%3D%3D&position=4&pageNum=36&trk=public_jobs_jserp-result_search-card
222,Cloud Engineer,Senior / Principle Cloud Engineer – Observability Platforms - Remote | WFH,Get It Recruit - Information Technology,"San Ramon, CA",https://www.linkedin.com/jobs/view/senior-principle-cloud-engineer-%E2%80%93-observability-platforms-remote-wfh-at-get-it-recruit-information-technology-3461837112?refId=sA8dokdLD%2B1tK0yrnfbSgw%3D%3D&trackingId=IK2FaQrF1GJjg4eMLB4YCQ%3D%3D&position=1&pageNum=37&trk=public_jobs_jserp-result_search-card
223,Cloud Engineer,Sr cloud engineer Irvine CA ref,Executive Staff Recruiters / ESR Healthcare,"Irvine, CA",https://www.linkedin.com/jobs/view/sr-cloud-engineer-irvine-ca-ref-at-executive-staff-recruiters-esr-healthcare-3484745538?refId=sA8dokdLD%2B1tK0yrnfbSgw%3D%3D&trackingId=pu3FVslrlowOLvpbj5CFEw%3D%3D&position=5&pageNum=37&trk=public_jobs_jserp-result_search-card
224,Cloud Engineer,Cloud Engineer,Deckers Brands,"Camarillo, CA",https://www.linkedin.com/jobs/view/cloud-engineer-at-deckers-brands-3438955143?refId=CMJGs7f0UNpVSpybgaTNbw%3D%3D&trackingId=eHDzNCHLrXGUkDxqxUsYGQ%3D%3D&position=6&pageNum=38&trk=public_jobs_jserp-result_search-card
225,Cloud Engineer,Cloud Security Engineer,ONE,"San Jose, CA",https://www.linkedin.com/jobs/view/cloud-security-engineer-at-one-3486524145?refId=CMJGs7f0UNpVSpybgaTNbw%3D%3D&trackingId=vSAKQEBLmqZ1n1M7FEYzwA%3D%3D&position=18&pageNum=38&trk=public_jobs_jserp-result_search-card
226,Cloud Engineer,Senior Software Engineer - Cloud Database (Rust),RisingWave Labs,"Santa Clara, CA",https://www.linkedin.com/jobs/view/senior-software-engineer-cloud-database-rust-at-risingwave-labs-3483527658?refId=CMJGs7f0UNpVSpybgaTNbw%3D%3D&trackingId=Adj87X2KbpYWXjL0PtbCwg%3D%3D&position=22&pageNum=38&trk=public_jobs_jserp-result_search-card
227,Cloud Engineer,Cloud Engineer,Deckers Brands,"Camarillo, CA",https://www.linkedin.com/jobs/view/cloud-engineer-at-deckers-brands-3438955143?refId=WqiJ0BKnvWao9c4x4vxT%2BQ%3D%3D&trackingId=HHvQ4jimUuUkMHbeI573DA%3D%3D&position=6&pageNum=39&trk=public_jobs_jserp-result_search-card
228,Cloud Engineer,Software Engineer - AWS Cloud,Change Healthcare,"San Francisco, CA",https://www.linkedin.com/jobs/view/software-engineer-aws-cloud-at-change-healthcare-3468325789?refId=WqiJ0BKnvWao9c4x4vxT%2BQ%3D%3D&trackingId=%2FGKr9DS8T0bm33zQ7QXTBw%3D%3D&position=13&pageNum=39&trk=public_jobs_jserp-result_search-card
229,Cloud Engineer,"Staff Software Engineer, Cloud Infra",eBay,"San Jose, CA",https://www.linkedin.com/jobs/view/staff-software-engineer-cloud-infra-at-ebay-3446708591?refId=WqiJ0BKnvWao9c4x4vxT%2BQ%3D%3D&trackingId=S2jSroejYHSwxjX1vDV2vQ%3D%3D&position=15&pageNum=39&trk=public_jobs_jserp-result_search-card
230,Cloud Engineer,Cloud Infra Engineer With GCP And DevOps,Diverse Lynx,"Pleasanton, CA",https://www.linkedin.com/jobs/view/cloud-infra-engineer-with-gcp-and-devops-at-diverse-lynx-3484147630?refId=WqiJ0BKnvWao9c4x4vxT%2BQ%3D%3D&trackingId=uKkv40bZPWXjaDYnx%2BIFfQ%3D%3D&position=17&pageNum=39&trk=public_jobs_jserp-result_search-card
231,Cloud Engineer,Cloud Infrastructure Engineer,"Aruba, a Hewlett Packard Enterprise company","San Jose, CA",https://www.linkedin.com/jobs/view/cloud-infrastructure-engineer-at-aruba-a-hewlett-packard-enterprise-company-3382566633?refId=WqiJ0BKnvWao9c4x4vxT%2BQ%3D%3D&trackingId=m32QPooFCSufdn67tT55Yw%3D%3D&position=20&pageNum=39&trk=public_jobs_jserp-result_search-card
